25C-L5R2,,
Time (min),Intensity (a.u.),
0.008333333768,6.622117996,
0.02500000037,6.697354794,
0.04166666791,7.020971775,
0.05833333358,6.82498455,
0.07500000298,6.901477814,
0.09166666865,6.551291466,
0.1083333343,6.79239893,
0.125,6.747906685,
0.1416666657,5.994502068,
0.4950000048,3.091847897,
0.5116666555,2.618085146,
0.5283333659,2.586064339,
0.5450000167,2.869493961,
0.5616666675,2.552438021,
0.5783333182,2.486409903,
0.5950000286,1.997097611,
0.6116666794,2.245611906,
0.6283333302,2.00170207,
0.6450000405,2.018000841,
0.6616666913,1.9875741,
0.6783333421,2.309075356,
0.6949999928,1.904022217,
0.7116667032,1.590862513,
0.728333354,2.11829114,
0.7450000048,2.537961721,
0.7616666555,2.026659489,
1.883062482,12.56985855,
1.899729133,12.62332535,
1.916395783,12.30358315,
1.933062434,12.12112522,
1.949729204,12.13246346,
1.966395855,11.69150257,
1.983062506,11.80128384,
1.999729156,11.36445618,
2.016395807,12.36844254,
2.033062458,11.79518414,
2.049729109,11.59565735,
2.06639576,11.11027241,
2.08306241,11.24407005,
2.099729061,11.7443018,
2.116395712,10.53680992,
2.133062601,10.89805412,
2.149729252,11.69097805,
2.166395903,11.22219944,
2.183062553,11.00445557,
2.199729204,10.65356636,
2.216395855,10.59708977,
2.233062506,10.87919712,
2.249729156,10.74956512,
2.266395807,12.12186432,
2.283062458,11.02132797,
2.299729109,11.26279449,
2.31639576,11.4978447,
2.33306241,10.74099064,
2.349729061,11.05517197,
2.366395712,10.56017303,
2.383062601,10.70468998,
2.399729252,10.96157265,
2.416395903,10.30008984,
2.433062553,10.68481255,
2.449729204,10.71306133,
2.466395855,11.08039856,
2.483062506,10.25147724,
2.499729156,10.62097263,
2.516395807,11.37299061,
2.533062458,10.46910381,
2.549729109,11.03727913,
2.56639576,11.37402725,
2.58306241,10.92337227,
2.599729061,10.75974274,
2.616395712,11.63539028,
2.633062601,11.07249165,
2.649729252,10.74854565,
2.666395903,11.26994896,
2.683062553,10.60700035,
2.699729204,10.04476833,
2.716395855,11.0776329,
2.733062506,10.11598969,
2.749729156,9.657968521,
2.766395807,10.45138264,
2.783062458,9.741176605,
2.799729109,10.01040459,
2.81639576,9.815805435,
2.83306241,9.303157806,
2.849729061,9.493552208,
2.866395712,9.83361721,
2.883062601,9.156879425,
2.899729252,9.634537697,
2.916395903,9.469732285,
2.933062553,10.10144043,
2.949729204,9.244389534,
2.966395855,9.601125717,
2.983062506,10.18618584,
2.999729156,9.188311577,
3.016395807,9.882588387,
3.033062458,9.490838051,
3.049729109,9.401612282,
3.06639576,8.988858223,
3.08306241,9.2745924,
3.099729061,9.096767426,
3.116395712,9.588281631,
3.133062601,9.477239609,
3.149729252,9.04295826,
3.166395903,9.027132034,
3.183062553,8.978331566,
3.199729204,9.803285599,
3.216395855,9.517684937,
3.233062506,9.241740227,
3.249729156,8.661409378,
3.266395807,9.026528358,
3.283062458,9.565773964,
3.299729109,9.805588722,
3.31639576,8.494029999,
3.33306241,8.521434784,
3.349729061,9.29556942,
3.366395712,8.792946815,
3.383062601,9.05967617,
3.399729252,8.904304504,
3.416395903,9.006011963,
3.433062553,9.479970932,
3.449729204,8.910560608,
3.466395855,8.592642784,
3.483062506,8.865614891,
3.499729156,8.325503349,
4.030333519,9.531991005,
4.046999931,10.24363422,
4.063666821,11.0262661,
4.080333233,10.07839298,
4.097000122,10.10077381,
4.113667011,10.8278532,
4.130333424,10.23439407,
4.147000313,11.04990673,
4.163666725,11.20721626,
4.180333614,11.31931114,
4.197000027,11.46625805,
4.213666916,10.59359455,
4.230333328,12.24976349,
4.247000217,10.82508945,
4.26366663,10.49931335,
4.280333519,11.25868225,
4.296999931,10.82563782,
4.313666821,11.23870945,
4.330333233,11.43022156,
4.347000122,10.73793888,
4.363667011,11.37153816,
4.380333424,10.87851906,
4.397000313,10.86296654,
4.413666725,10.76015759,
4.430333614,10.54638863,
4.913895607,15.99775791,
4.930562496,16.59896469,
4.947228909,16.80375099,
4.963895798,17.64278793,
4.98056221,17.2919426,
4.997229099,17.39913368,
5.013895512,17.5520401,
5.030562401,17.40680695,
5.047228813,16.11079025,
5.063895702,15.99373436,
5.080562115,16.14254951,
5.097229004,16.71130562,
5.113895893,16.163908,
5.130562305,16.75396156,
5.147229195,16.18913269,
5.163895607,16.48778915,
5.180562496,17.4643364,
5.197228909,16.80857658,
5.213895798,16.77654648,
5.23056221,17.37387657,
5.247229099,17.49526215,
5.263895512,17.24483299,
5.280562401,17.3161602,
5.297228813,17.87414932,
5.313895702,17.62773514,
5.330562115,18.04533958,
5.347229004,18.15006256,
5.363895893,18.88292313,
5.380562305,18.21929359,
5.397229195,19.34091759,
5.413895607,18.86401558,
5.430562496,19.27785683,
5.447228909,18.56863785,
5.463895798,19.6944046,
5.48056221,19.67928886,
5.497229099,19.7720089,
5.513895512,19.53181267,
5.530562401,20.50098038,
5.547228813,20.05075264,
5.563895702,20.60534668,
5.580562115,20.5369091,
5.597229004,21.09353638,
5.613895893,20.99421883,
5.630562305,21.48232841,
5.647229195,21.12088776,
5.663895607,22.51768684,
5.680562496,20.64883041,
5.697228909,21.1631794,
5.713895798,21.79195023,
5.73056221,20.8927002,
5.747229099,22.28947639,
5.763895512,22.0789032,
5.780562401,22.10154724,
5.797228813,22.047472,
5.813895702,22.27661514,
5.830562115,22.76809692,
5.847229004,23.2385788,
5.863895893,23.29401207,
5.880562305,23.41405296,
5.897229195,23.27155304,
5.913895607,24.3939724,
5.930562496,23.82639885,
5.947228909,24.20150566,
5.963895798,23.25592232,
5.98056221,22.85893631,
5.997229099,24.05519104,
6.013895512,23.73771286,
6.030562401,24.48971939,
6.047228813,24.03312874,
6.063895702,25.27449226,
6.080562115,25.76982117,
6.097229004,25.40069199,
6.113895893,25.55519485,
6.130562305,25.85583687,
6.147229195,26.07287788,
6.163895607,25.40019608,
6.180562496,25.95347977,
6.197228909,26.5719738,
6.213895798,26.48504257,
6.23056221,26.67234039,
6.247229099,25.33989334,
6.263895512,26.60722733,
6.280562401,26.84585953,
6.297228813,26.77223969,
6.313895702,26.73335266,
6.330562115,28.2062149,
6.347229004,27.06117439,
6.363895893,27.31661034,
6.380562305,27.80823326,
6.397229195,28.36899185,
6.413895607,27.97985268,
6.430562496,29.22243881,
6.447228909,27.94751358,
6.463895798,27.71065712,
6.48056221,29.1022625,
6.497229099,29.71957779,
6.513895512,28.9552803,
6.530562401,30.55117989,
6.547228813,29.8048954,
6.563895702,29.32072449,
6.580562115,29.3228035,
6.597229004,30.49605942,
6.613895893,30.25971603,
6.630562305,30.49782372,
6.647229195,30.99876595,
6.663895607,30.6473217,
6.680562496,31.02544594,
6.697228909,31.00760841,
6.713895798,32.5364418,
6.73056221,31.69262123,
6.747229099,32.26919174,
6.763895512,30.99929237,
6.780562401,32.57995224,
6.797228813,33.03471756,
6.813895702,32.78425217,
6.830562115,32.18122864,
6.847229004,32.60533142,
6.863895893,33.53474045,
6.880562305,32.41376495,
6.897229195,33.18836594,
6.913895607,34.08480453,
6.930562496,32.76514435,
6.947228909,33.81484222,
6.963895798,34.52125168,
6.98056221,33.25115585,
6.997229099,33.26678467,
7.013895512,34.99291992,
7.030562401,33.96662521,
7.047228813,34.04132462,
7.063895702,34.6233139,
7.080562115,35.21225739,
7.097229004,36.35162354,
7.113895893,34.9174614,
7.130562305,35.85605621,
7.147229195,36.43286896,
7.163895607,35.3021698,
7.180562496,35.42611313,
7.197228909,36.58268738,
7.213895798,36.21647263,
7.23056221,35.66574097,
7.247229099,36.6871109,
7.263895512,37.28772354,
7.280562401,37.59328842,
7.297228813,38.89071655,
7.313895702,37.67578125,
7.330562115,36.95157623,
7.347229004,38.06254196,
7.363895893,37.03445053,
7.380562305,38.29383469,
7.397229195,37.84514236,
7.413895607,38.69292068,
7.430562496,38.42316818,
7.447228909,38.46707916,
7.463895798,39.16029739,
7.48056221,37.93932343,
7.497229099,37.97363281,
7.513895512,39.09845352,
7.530562401,39.21659851,
7.547228813,39.29439545,
7.563895702,39.6522789,
7.580562115,40.46876144,
7.597229004,40.56713104,
7.613895893,40.60082626,
7.630562305,41.10625458,
7.647229195,39.37070847,
7.663895607,39.67228699,
7.680562496,40.39084244,
7.697228909,41.11617661,
7.713895798,41.99232483,
7.73056221,41.0896759,
7.747229099,41.31211853,
7.763895512,41.47813797,
7.780562401,43.21619415,
7.797228813,41.41992188,
7.813895702,41.14613342,
7.830562115,41.20834351,
7.847229004,41.98781586,
7.863895893,42.22528076,
7.880562305,42.2586174,
7.897229195,42.98611832,
7.913895607,43.40509415,
7.930562496,43.93005371,
7.947228909,43.27096176,
7.963895798,43.38045502,
7.98056221,43.12762833,
7.997229099,42.80353928,
8.013895988,43.69874191,
8.030562401,43.02249527,
8.047228813,43.70648193,
8.063895226,44.47866821,
8.080562592,45.32027054,
8.097229004,44.63253021,
8.113895416,43.87886047,
8.130562782,44.33030319,
8.147229195,45.89652252,
8.163895607,45.94762421,
8.180562019,43.51869965,
8.197229385,44.08810425,
8.213895798,45.97642517,
8.23056221,44.82975006,
8.247228622,45.58762741,
8.263895988,46.046875,
8.280562401,46.05576706,
8.297228813,45.50131226,
8.313895226,46.19642639,
8.330562592,46.45468521,
8.347229004,46.85552979,
8.363895416,45.77585983,
8.380562782,45.80963898,
8.397229195,47.20283508,
8.413895607,47.06425095,
8.430562019,47.36039352,
8.447229385,46.71667099,
8.463895798,47.65636444,
8.48056221,46.45342255,
8.497228622,48.11700821,
8.513895988,48.58359528,
8.530562401,47.26182938,
8.547228813,46.77520752,
8.563895226,48.60567474,
8.580562592,47.34305573,
8.597229004,49.50279617,
8.613895416,48.81459045,
8.630562782,50.10644913,
8.647229195,47.89410782,
8.663895607,48.15729523,
8.680562019,48.53908157,
8.697229385,47.81116486,
8.713895798,49.92776489,
8.73056221,49.01364136,
8.747228622,48.96513748,
8.763895988,50.11969376,
8.780562401,49.71940231,
8.797228813,49.7780838,
8.813895226,50.22119141,
8.830562592,49.70312881,
8.847229004,49.82925034,
8.863895416,50.75722504,
8.880562782,51.38557816,
8.897229195,51.48940659,
8.913895607,50.68393326,
8.930562019,50.61498642,
8.947229385,51.11902618,
8.963895798,51.62210083,
8.98056221,51.03287888,
8.997228622,51.95931625,
9.013895988,52.29653931,
9.030562401,53.07216263,
9.047228813,51.38699722,
9.063895226,51.49960709,
9.080562592,52.83526611,
9.097229004,54.17827988,
9.113895416,52.41547012,
9.130562782,52.19613647,
9.147229195,53.19644165,
9.163895607,52.63037491,
9.180562019,53.14899826,
9.197229385,53.81064987,
9.213895798,54.49670792,
9.23056221,54.94748306,
9.247228622,54.57640457,
9.263895988,53.59433746,
9.280562401,53.10034943,
9.297228813,54.01092529,
9.313895226,52.32958603,
9.330562592,54.11811447,
9.347229004,53.70265961,
9.363895416,55.31370544,
9.380562782,54.21747589,
9.397229195,54.56209946,
9.413895607,55.56171036,
9.430562019,54.11508179,
9.447229385,55.63360214,
9.463895798,55.2624321,
9.48056221,54.98498535,
9.497228622,56.2663765,
9.513895988,54.65779495,
9.530562401,55.82178879,
9.547228813,54.64900208,
9.563895226,55.62121201,
9.580562592,56.04784775,
9.597229004,55.27749252,
9.613895416,56.30542755,
9.630562782,57.2533226,
9.647229195,56.04195404,
9.663895607,56.02182388,
9.680562019,56.14953613,
9.697229385,56.14323807,
9.713895798,55.34903717,
9.73056221,57.73931503,
9.747228622,56.49895477,
9.763895988,58.18707275,
9.780562401,57.76461792,
9.797228813,58.54528809,
9.813895226,57.06834793,
9.830562592,58.49529266,
9.847229004,58.2805481,
9.863895416,57.44855499,
9.880562782,57.63220978,
9.897229195,58.24128723,
9.913895607,59.06676102,
9.930562019,59.78781509,
9.947229385,57.6619072,
9.963895798,58.52519226,
9.98056221,59.30812836,
9.997228622,59.14874649,
10.01389599,60.36783981,
10.0305624,60.63014221,
10.04722881,60.66239929,
10.06389523,59.2525444,
10.08056259,60.8071785,
10.097229,59.32013321,
10.11389542,60.40325165,
10.13056278,60.40523911,
10.14722919,59.68569946,
10.16389561,62.26425552,
10.18056202,60.60112,
10.19722939,61.72460938,
10.2138958,62.08000183,
10.23056221,60.01421738,
10.24722862,60.01706314,
10.26389599,59.95937347,
10.2805624,61.44689941,
10.29722881,58.76211548,
10.31389523,61.38883209,
10.33056259,60.4551239,
10.347229,61.02078247,
10.36389542,61.8365593,
10.38056278,61.56193161,
10.39722919,62.26453018,
10.41389561,62.59183502,
10.43056202,62.35786819,
10.44722939,60.81288147,
10.4638958,63.07744217,
10.48056221,62.98194122,
10.49722862,61.90140152,
10.51389599,63.45064163,
10.5305624,62.29082108,
10.54722881,62.30958557,
10.56389523,63.15652847,
10.58056259,63.45580673,
10.597229,63.57998276,
10.61389542,62.38275909,
10.63056278,62.5772171,
10.64722919,63.77008438,
10.66389561,64.90213776,
10.68056202,64.53414154,
10.69722939,62.55374908,
10.7138958,63.7753067,
10.73056221,64.82535553,
10.74722862,64.30448151,
10.76389599,64.29358673,
10.7805624,62.87745285,
10.79722881,63.39089584,
10.81389523,64.94113159,
10.83056259,64.49616241,
10.847229,64.70886993,
10.86389542,63.88706589,
10.88056278,65.45046234,
10.89722919,63.52483368,
10.91389561,64.59807587,
10.93056202,64.88667297,
10.94722939,65.62232971,
10.9638958,65.53556824,
10.98056221,65.79764557,
10.99722862,64.93626404,
11.01389599,65.76609039,
11.0305624,67.19607544,
11.04722881,66.83488464,
11.06389523,65.42985535,
11.08056259,65.7423172,
11.097229,64.95578766,
11.11389542,66.98880768,
11.13056278,66.71884918,
11.14722919,65.73417664,
11.16389561,65.68785095,
11.18056202,67.3727417,
11.19722939,67.00441742,
11.2138958,67.60095978,
11.23056221,68.77931976,
11.24722862,66.67472076,
11.26389599,65.96311951,
11.2805624,66.93697357,
11.29722881,67.99583435,
11.31389523,67.18557739,
11.33056259,67.19757843,
11.347229,68.21203613,
11.36389542,67.89060211,
11.38056278,66.715065,
11.39722919,67.2309494,
11.41389561,66.50681305,
11.43056202,67.60368347,
11.44722939,68.18596649,
11.4638958,67.62950134,
11.48056221,67.70867157,
11.49722862,67.58851624,
11.51389599,67.72615814,
11.5305624,69.0151062,
11.54722881,69.31620789,
11.56389523,69.61885071,
11.58056259,69.49140167,
11.597229,67.47201538,
11.61389542,69.33239746,
11.63056278,69.37554932,
11.64722919,69.53218842,
11.66389561,69.00564575,
11.68056202,67.78363037,
11.69722939,68.21055603,
11.7138958,69.331604,
11.73056221,69.71479034,
11.74722862,70.22296906,
11.76389599,69.15296173,
11.7805624,69.63448334,
11.79722881,69.83202362,
11.81389523,69.2855072,
11.83056259,71.92723846,
11.847229,70.88165283,
11.86389542,70.536026,
11.88056278,72.15802002,
11.89722919,69.21547699,
11.91389561,70.22163391,
11.93056202,70.89335632,
11.94722939,70.26560211,
11.9638958,70.22106934,
11.98056221,71.20884705,
11.99722862,72.5259552,
12.01389599,70.16656494,
12.0305624,71.30726624,
12.04722881,70.19538116,
12.06389523,70.52414703,
12.08056259,69.72750092,
12.097229,71.3111496,
12.11389542,71.89105988,
12.13056278,71.4571228,
12.14722919,72.00722504,
12.16389561,71.8853302,
12.18056202,71.23349762,
12.19722939,71.24430084,
12.2138958,72.53784943,
12.23056221,71.83388519,
12.24722862,73.67834473,
12.26389599,72.75250244,
12.2805624,72.38098145,
12.29722881,73.06432343,
12.31389523,73.26998901,
12.33056259,74.15141296,
12.347229,72.93127441,
12.36389542,72.90588379,
12.38056278,74.12078094,
12.39722919,73.89496613,
12.41389561,72.92034912,
12.43056202,75.28629303,
12.44722939,72.64546967,
12.4638958,75.20333099,
12.48056221,72.35495758,
12.49722862,74.52279663,
12.51389599,74.619133,
12.5305624,74.46016693,
12.54722881,74.17367554,
12.56389523,74.09347534,
12.58056259,72.31469727,
12.597229,75.37254333,
12.61389542,76.24537659,
12.63056278,73.75070953,
12.64722919,75.36907196,
12.66389561,74.89929199,
12.68056202,72.02781677,
12.69722939,74.40738678,
12.7138958,75.56271362,
12.73056221,75.48488617,
12.74722862,77.55950165,
12.76389599,75.31621552,
12.7805624,75.18616486,
12.79722881,76.0745163,
12.81389523,74.30648041,
12.83056259,76.27118683,
12.847229,74.42352295,
12.86389542,75.27515411,
12.88056278,74.96656799,
12.89722919,73.36029816,
12.91389561,77.42266846,
12.93056202,74.95040131,
12.94722939,75.5716095,
12.9638958,75.47454834,
12.98056221,76.05901337,
12.99722862,74.99635315,
13.01389599,75.04536438,
13.0305624,75.9015274,
13.04722881,76.00241852,
13.06389523,77.49658203,
13.08056259,73.35083008,
13.097229,76.84220886,
13.11389542,75.79576111,
13.13056278,77.34119415,
13.14722919,76.15548706,
13.16389561,78.34111786,
13.18056202,76.73178864,
13.19722939,76.83643341,
13.2138958,76.90359497,
13.23056221,77.48786926,
13.24722862,75.14342499,
13.26389599,77.5670166,
13.2805624,76.87161255,
13.29722881,79.49423218,
13.31389523,78.64979553,
13.33056259,78.64852142,
13.347229,77.82328033,
13.36389542,77.90893555,
13.38056278,77.42743683,
13.39722919,77.55778503,
13.41389561,77.77563477,
13.43056202,77.76891327,
13.44722939,75.89666748,
13.4638958,78.29148102,
13.48056221,77.57049561,
13.49722862,78.95579529,
13.51389599,78.31941986,
13.5305624,78.05886841,
13.54722881,78.65011597,
13.56389523,77.56918335,
13.58056259,80.32080078,
13.597229,77.53466034,
13.61389542,77.05187225,
13.63056278,80.25476074,
13.64722919,78.42980957,
13.66389561,78.78807831,
13.68056202,76.73165894,
13.69722939,80.20239258,
13.7138958,79.25679779,
13.73056221,78.95214081,
13.74722862,80.6938324,
13.76389599,81.76296234,
13.7805624,79.38368988,
13.79722881,80.09667969,
13.81389523,82.13782501,
13.83056259,81.23820496,
13.847229,80.49568176,
13.86389542,81.63789368,
13.88056278,79.14356232,
13.89722919,81.11882782,
13.91389561,78.91409302,
13.93056202,80.5512085,
13.94722939,80.87322235,
13.9638958,80.58708954,
13.98056221,80.54374695,
13.99722862,80.97241211,
14.01389599,80.70778656,
14.0305624,80.26410675,
14.04722881,79.77128601,
14.06389523,81.27601624,
14.08056259,81.2881546,
14.097229,79.81126404,
14.11389542,82.60756683,
14.13056278,80.35083008,
14.14722919,81.14448547,
14.16389561,80.72519684,
14.18056202,81.38362122,
14.19722939,80.01499176,
14.2138958,82.88459015,
14.23056221,82.52597046,
14.24722862,80.56463623,
14.26389599,81.36820984,
14.2805624,81.64738464,
14.29722881,80.28702545,
14.31389523,82.82590485,
14.33056259,82.09894562,
14.347229,81.77850342,
14.36389542,82.3075943,
14.38056278,82.77596283,
14.39722919,82.90711975,
14.41389561,82.76845551,
14.43056202,82.96969604,
14.44722939,82.74285126,
14.4638958,83.45360565,
14.48056221,81.69776917,
14.49722862,84.62030792,
14.51389599,82.31559753,
14.5305624,80.75003052,
14.54722881,82.83804321,
14.56389523,83.07033539,
14.58056259,79.24720764,
14.597229,82.85739136,
14.61389542,81.29632568,
14.63056278,80.97109222,
14.64722919,83.32113647,
14.66389561,85.18643951,
14.68056202,81.94072723,
14.69722939,82.56987,
14.7138958,84.47683716,
14.73056221,81.16350555,
14.74722862,82.73429871,
14.76389599,83.87738037,
14.7805624,82.80836487,
14.79722881,82.36830902,
14.81389523,84.02507782,
14.83056259,83.52325439,
14.847229,81.64588928,
14.86389542,84.91053009,
14.88056278,83.31032562,
14.89722919,83.56211853,
14.91389561,83.36919403,
14.93056202,84.83899689,
14.94722939,82.89981842,
14.9638958,84.35396576,
14.98056221,85.00359344,
14.99722862,83.94869995,
15.01389599,83.61910248,
15.0305624,85.68230438,
15.04722881,85.81570435,
15.06389523,84.94258118,
15.08056259,86.3147583,
15.097229,84.17092133,
15.11389542,85.87589264,
15.13056278,84.08826447,
15.14722919,85.52951813,
15.16389561,84.97369385,
15.18056202,85.37747192,
15.19722939,85.43190765,
15.2138958,85.69116211,
15.23056221,86.56783295,
15.24722862,87.0410614,
15.26389599,84.46772766,
15.2805624,84.6063385,
15.29722881,84.70462799,
15.31389523,85.99308777,
15.33056259,85.40724182,
15.347229,83.09105682,
15.36389542,86.37994385,
15.38056278,84.67972565,
15.39722919,86.03371429,
15.41389561,87.61510468,
15.43056202,83.61529541,
15.44722939,87.15625763,
15.4638958,85.00080872,
15.48056221,84.96202087,
15.49722862,86.22018433,
15.51389599,85.76167297,
15.5305624,86.38779449,
15.54722881,85.57923889,
15.56389523,85.24678802,
15.58056259,86.12840271,
15.597229,87.25324249,
15.61389542,86.09055328,
15.63056278,86.36069489,
15.64722919,86.89337921,
15.66389561,86.22331238,
15.68056202,87.68503571,
15.69722939,87.49617767,
15.7138958,87.60083008,
15.73056221,86.4415741,
15.74722862,87.46576691,
15.76389599,89.09477997,
15.7805624,87.76473236,
15.79722881,88.56248474,
15.81389523,86.44486237,
15.83056259,88.85404205,
15.847229,86.97286224,
15.86389542,88.31505585,
15.88056278,86.51728058,
15.89722919,88.54150391,
15.91389561,88.20806122,
15.93056202,88.1964035,
15.94722939,88.41680145,
15.9638958,87.94140625,
15.98056221,87.24788666,
15.99722862,86.39048004,
16.01389503,87.30397797,
16.03056145,87.72815704,
16.04722977,88.34629822,
16.06389618,86.11391449,
16.08056259,87.96289825,
16.097229,88.18719482,
16.11389542,89.64391327,
16.13056183,89.23571777,
16.14722824,88.70225525,
16.16389656,87.40612793,
16.18056297,89.41649628,
16.19722939,89.51550293,
16.2138958,89.8686142,
16.23056221,88.0284729,
16.24722862,87.4025116,
16.26389503,88.92543793,
16.28056145,91.02415466,
16.29722977,87.11412811,
16.31389618,88.69282532,
16.33056259,88.79051971,
16.347229,88.26548004,
16.36389542,89.85864258,
16.38056183,88.91098785,
16.39722824,89.24771881,
16.41389656,88.10037231,
16.43056297,89.31391144,
16.44722939,90.88335419,
16.4638958,88.16748047,
16.48056221,90.64687347,
16.49722862,89.20928955,
16.51389503,89.58952332,
16.53056145,89.67247772,
16.54722977,89.3328476,
16.56389618,89.53073883,
16.58056259,89.51488495,
16.597229,89.68199158,
16.61389542,90.70649719,
16.63056183,90.00246429,
16.64722824,91.41634369,
16.66389656,89.01399231,
16.68056297,92.17582703,
16.69722939,92.02867126,
16.7138958,89.40613556,
16.73056221,88.86071777,
16.74722862,92.11384583,
16.76389503,91.95184326,
16.78056145,89.94998932,
16.79722977,89.21182251,
16.81389618,91.86859894,
16.83056259,89.8907547,
16.847229,89.941185,
16.86389542,88.86637878,
16.88056183,92.59745789,
16.89722824,91.05145264,
16.91389656,92.14896393,
16.93056297,92.49315643,
16.94722939,92.52967072,
16.9638958,91.2155838,
16.98056221,93.37619781,
16.99722862,92.11693573,
17.01389503,90.99480438,
17.03056145,92.94957733,
17.04722977,92.08894348,
17.06389618,91.1837616,
17.08056259,91.72200012,
17.097229,91.82955933,
17.11389542,90.43631744,
17.13056183,90.70173645,
17.14722824,91.14678192,
17.16389656,92.28890228,
17.18056297,93.284935,
17.19722939,94.76708984,
17.2138958,91.97014618,
17.23056221,92.82601166,
17.24722862,93.20832062,
17.26389503,92.78146362,
17.28056145,92.21112061,
17.29722977,90.3470459,
17.31389618,93.04166412,
17.33056259,92.94067383,
17.347229,90.36210632,
17.36389542,92.02888489,
17.38056183,91.45329285,
17.39722824,92.14606476,
17.41389656,91.57312775,
17.43056297,92.10248566,
17.44722939,95.18815613,
17.4638958,92.84764099,
17.48056221,93.71734619,
17.49722862,94.50653839,
17.51389503,92.02954865,
17.53056145,93.70570374,
17.54722977,93.06049347,
17.56389618,93.59912872,
17.58056259,93.86103058,
17.597229,93.32835388,
17.61389542,93.71012115,
17.63056183,93.22136688,
17.64722824,94.34938812,
17.66389656,95.3806076,
17.68056297,94.54187775,
17.69722939,95.3581543,
17.7138958,94.07107544,
17.73056221,92.62469482,
17.74722862,92.82441711,
17.76389503,94.34793854,
17.78056145,94.80506134,
17.79722977,93.89624023,
17.81389618,93.54105377,
17.83056259,94.58326721,
17.847229,95.55167389,
17.86389542,94.3962326,
17.88056183,94.22470093,
17.89722824,94.21234894,
17.91389656,94.37382507,
17.93056297,93.23370361,
17.94722939,93.28276062,
17.9638958,94.63053131,
17.98056221,95.18122864,
17.99722862,94.1084671,
18.01389503,93.82485199,
18.03056145,93.89962006,
18.04722977,94.15292358,
18.06389618,94.456604,
18.08056259,95.49513245,
18.097229,93.58396912,
18.11389542,95.05168915,
18.13056183,95.1086731,
18.14722824,94.2893219,
18.16389656,92.97779083,
18.18056297,95.15527344,
18.19722939,96.32123566,
18.2138958,93.62854767,
18.23056221,96.93225098,
18.24722862,93.9885788,
18.26389503,93.72771454,
18.28056145,95.32544708,
18.29722977,95.90851593,
18.31389618,96.80123901,
18.33056259,95.54676819,
18.347229,96.00019073,
18.36389542,94.13404083,
18.38056183,95.16378021,
18.39722824,94.20545197,
18.41389656,96.16501617,
18.43056297,95.68541718,
18.44722939,96.42238617,
18.4638958,97.52746582,
18.48056221,96.90922546,
18.49722862,97.07987976,
18.51389503,95.7612381,
18.53056145,96.19087982,
18.54722977,94.8184967,
18.56389618,95.66513062,
18.58056259,97.2019043,
18.597229,98.54488373,
18.61389542,97.73466492,
18.63056183,95.81811523,
18.64722824,97.07701111,
18.66389656,95.75408936,
18.68056297,97.10050964,
18.69722939,96.99035645,
18.7138958,96.4243927,
18.73056221,98.76244354,
18.74722862,95.64572906,
18.76389503,97.53108215,
18.78056145,96.32368469,
18.79722977,98.14053345,
18.81389618,96.93726349,
18.83056259,95.64875793,
18.847229,97.69428253,
18.86389542,98.60197449,
18.88056183,96.39389038,
18.89722824,97.55544281,
18.91389656,97.09361267,
18.93056297,95.21100616,
18.94722939,95.67112732,
18.9638958,97.78081512,
18.98056221,98.44812775,
18.99722862,97.18526459,
19.01389503,97.07368469,
19.03056145,98.55878448,
19.04722977,96.24433899,
19.06389618,99.42455292,
19.08056259,99.36974335,
19.097229,98.18536377,
19.11389542,97.61715698,
19.13056183,98.65502167,
19.14722824,96.20805359,
19.16389656,99.47280121,
19.18056297,96.58652496,
19.19722939,97.8707428,
19.2138958,98.8993988,
19.23056221,95.73967743,
19.24722862,98.08162689,
19.26389503,98.53399658,
19.28056145,99.57427979,
19.29722977,100.2883987,
19.31389618,98.38154602,
19.33056259,99.38886261,
19.347229,98.12302399,
19.36389542,99.09080505,
19.38056183,99.87113953,
19.39722824,99.1671524,
19.41389656,100.2223053,
19.43056297,100.4701004,
19.44722939,98.73796082,
19.4638958,99.3060379,
19.48056221,100.0101776,
19.49722862,99.30406952,
19.51389503,98.74725342,
19.53056145,98.14265442,
19.54722977,100.224472,
19.56389618,98.22509766,
19.58056259,99.3971405,
19.597229,100.0970001,
19.61389542,100.1244202,
19.63056183,99.27906799,
19.64722824,98.05885315,
19.66389656,100.2109146,
19.68056297,101.5984039,
19.69722939,99.18089294,
19.7138958,99.25908661,
19.73056221,99.64870453,
19.74722862,99.82619476,
19.76389503,100.429985,
19.78056145,101.2689514,
19.79722977,99.61315918,
19.81389618,99.54189301,
19.83056259,100.1558914,
19.847229,98.70918274,
19.86389542,98.67623138,
19.88056183,100.4047699,
19.89722824,99.17366791,
19.91389656,100.3770599,
19.93056297,98.30341339,
19.94722939,100.6496201,
19.9638958,100.2152328,
19.98056221,101.0269012,
19.99722862,99.12335205,
20.01389503,99.71645355,
20.03056145,99.28465271,
20.04722977,99.12628937,
20.06389618,101.7217865,
20.08056259,102.2997742,
20.097229,99.34374237,
20.11389542,101.1475067,
20.13056183,100.7459259,
20.14722824,102.2883835,
20.16389656,101.2806091,
20.18056297,100.9512939,
20.19722939,101.0656281,
20.2138958,100.6695404,
20.23056221,101.088768,
20.24722862,101.5988693,
20.26389503,101.5729218,
20.28056145,102.2338638,
20.29722977,99.55008698,
20.31389618,99.16942596,
20.33056259,101.699913,
20.347229,99.57757568,
20.36389542,101.685257,
20.38056183,100.6379242,
20.39722824,101.4622421,
20.41389656,99.2743454,
20.43056297,99.32939148,
20.44722939,101.748436,
20.4638958,100.5193405,
20.48056221,101.2928085,
20.49722862,103.2537308,
20.51389503,102.1264954,
20.53056145,100.1750107,
20.54722977,102.5120926,
20.56389618,102.1827469,
20.58056259,101.6578369,
20.597229,101.1799088,
20.61389542,101.0483551,
20.63056183,100.4891663,
20.64722824,102.2186127,
20.66389656,102.3102036,
20.68056297,101.0591125,
20.69722939,101.1477661,
20.7138958,102.9144669,
20.73056221,103.1992416,
20.74722862,102.9639206,
20.76389503,100.7552872,
20.78056145,102.274292,
20.79722977,102.2442856,
20.81389618,99.73381805,
20.83056259,103.5701218,
20.847229,101.8018494,
20.86389542,102.53022,
20.88056183,102.8992996,
20.89722824,104.1382904,
20.91389656,101.7853088,
20.93056297,101.3261261,
20.94722939,101.3968124,
20.9638958,103.3115845,
20.98056221,104.5075073,
20.99722862,102.6283493,
21.01389503,103.0203171,
21.03056145,101.8985214,
21.04722977,102.13797,
21.06389618,103.1187515,
21.08056259,101.8606796,
21.097229,103.4609909,
21.11389542,102.0290756,
21.13056183,102.7741852,
21.14722824,102.8069992,
21.16389656,102.3710785,
21.18056297,102.9393997,
21.19722939,103.5720901,
21.2138958,102.7357712,
21.23056221,102.8526611,
21.24722862,101.7726517,
21.26389503,103.5806808,
21.28056145,102.7790909,
21.29722977,103.5733337,
21.31389618,103.706665,
21.33056259,102.2864914,
21.347229,104.50177,
21.36389542,102.8154221,
21.38056183,104.0246048,
21.39722824,103.3132248,
21.41389656,102.8047333,
21.43056297,103.2476807,
21.44722939,102.8690948,
21.4638958,103.2972183,
21.48056221,104.8067322,
21.49722862,102.6449203,
21.51389503,104.459816,
21.53056145,102.2078018,
21.54722977,103.379921,
21.56389618,103.1903763,
21.58056259,104.2550888,
21.597229,104.6349792,
21.61389542,102.4935074,
21.63056183,104.6939774,
21.64722824,103.5950775,
21.66389656,105.2079163,
21.68056297,102.0774994,
21.69722939,105.8945465,
21.7138958,103.4827728,
21.73056221,105.9344635,
21.74722862,105.1592026,
21.76389503,105.7746735,
21.78056145,105.235672,
21.79722977,103.7699738,
21.81389618,107.1538696,
21.83056259,105.3493271,
21.847229,105.6001129,
21.86389542,103.2494049,
21.88056183,103.673584,
21.89722824,105.0295181,
21.91389656,102.4991531,
21.93056297,103.5276184,
21.94722939,104.0975494,
21.9638958,104.479332,
21.98056221,101.928627,
21.99722862,105.6516495,
22.01389503,104.2903595,
22.03056145,105.7249603,
22.04722977,105.4924088,
22.06389618,106.3267975,
22.08056259,104.5139389,
22.097229,104.385849,
22.11389542,105.0938797,
22.13056183,101.9322968,
22.14722824,106.1826019,
22.16389656,104.7545395,
22.18056297,103.9760971,
22.19722939,105.0504227,
22.2138958,105.0550537,
22.23056221,106.6366043,
22.24722862,105.2691269,
22.26389503,104.8914261,
22.28056145,105.1742477,
22.29722977,106.1871948,
22.31389618,106.2649155,
22.33056259,104.3103638,
22.347229,106.129982,
22.36389542,105.1437912,
22.38056183,106.870903,
22.39722824,106.2304611,
22.41389656,106.0454636,
22.43056297,106.1231155,
22.44722939,107.4035187,
22.4638958,107.7204361,
22.48056221,105.1148682,
22.49722862,105.8149719,
22.51389503,105.5634689,
22.53056145,106.7801056,
22.54722977,105.115303,
22.56389618,106.8056259,
22.58056259,108.3634949,
22.597229,106.264183,
22.61389542,106.2563248,
22.63056183,105.4846268,
22.64722824,105.3553696,
22.66389656,105.4653015,
22.68056297,103.8570404,
22.69722939,110.0541153,
22.7138958,106.973793,
22.73056221,106.9291992,
22.74722862,108.2024231,
22.76389503,104.9435577,
22.78056145,107.125351,
22.79722977,105.5027618,
22.81389618,108.2514954,
22.83056259,105.2078323,
22.847229,106.2474899,
22.86389542,106.9736786,
22.88056183,104.4089966,
22.89722824,106.9587326,
22.91389656,105.9042969,
22.93056297,106.5147476,
22.94722939,107.2929153,
22.9638958,106.766861,
22.98056221,108.4387131,
22.99722862,107.1079483,
23.01389503,108.4091034,
23.03056145,108.3263245,
23.04722977,107.347435,
23.06389618,107.0229492,
23.08056259,108.4444962,
23.097229,107.2915878,
23.11389542,106.8283234,
23.13056183,107.3273697,
23.14722824,108.2309341,
23.16389656,106.4671402,
23.18056297,106.6654129,
23.19722939,105.5876236,
23.2138958,106.937027,
23.23056221,108.0632172,
23.24722862,106.0775604,
23.26389503,108.533165,
23.28056145,107.4679947,
23.29722977,107.4074402,
23.31389618,107.6749878,
23.33056259,107.2824631,
23.347229,105.7026138,
23.36389542,108.7523422,
23.38056183,107.9425354,
23.39722824,108.5930328,
23.41389656,108.3296509,
23.43056297,108.0785294,
23.44722939,105.4365311,
23.4638958,105.4238434,
23.48056221,108.3205795,
23.49722862,106.0047455,
23.51389503,109.0554352,
23.53056145,109.1629181,
23.54722977,107.7167892,
23.56389618,106.9934769,
23.58056259,108.8912811,
23.597229,108.3702698,
23.61389542,110.6285782,
23.63056183,108.8152237,
23.64722824,108.1063538,
23.66389656,107.7518158,
23.68056297,109.4632034,
23.69722939,110.8498535,
23.7138958,108.6172485,
23.73056221,108.8913422,
23.74722862,109.8212204,
23.76389503,106.4408188,
23.78056145,109.2216339,
23.79722977,108.27668,
23.81389618,107.4494171,
23.83056259,109.9694214,
23.847229,108.1765747,
23.86389542,107.5599365,
23.88056183,107.1753159,
23.89722824,108.7831421,
23.91389656,108.1166382,
23.93056297,110.1040649,
23.94722939,108.5096359,
23.9638958,109.3648148,
23.98056221,109.7773132,
23.99722862,110.755188,
24.01389503,108.0374527,
24.03056145,111.7302246,
24.04722977,109.1160736,
24.06389618,109.0125427,
24.08056259,110.1079102,
24.097229,109.9114151,
24.11389542,110.0007858,
24.13056183,109.052124,
24.14722824,107.6360016,
24.16389656,110.12677,
24.18056297,107.8983765,
24.19722939,110.1398773,
24.2138958,110.11203,
24.23056221,106.7681427,
24.24722862,108.6210022,
24.26389503,110.9640656,
24.28056145,110.3210983,
24.29722977,109.3430328,
24.31389618,110.7456284,
24.33056259,108.6615524,
24.347229,109.8015518,
24.36389542,109.9341507,
24.38056183,112.3080063,
24.39722824,109.6471786,
24.41389656,112.6791,
24.43056297,108.4562836,
24.44722939,110.6477966,
24.4638958,110.2485428,
24.48056221,108.8868408,
24.49722862,112.0471497,
24.51389503,111.3855667,
24.53056145,109.0847168,
24.54722977,112.028656,
24.56389618,109.4612274,
24.58056259,110.3854446,
24.597229,109.2568665,
24.61389542,108.7275543,
24.63056183,110.5718918,
24.64722824,109.1548767,
24.66389656,108.7041397,
24.68056297,111.9643936,
24.69722939,110.0798111,
24.7138958,111.0046158,
24.73056221,111.5304718,
24.74722862,110.5386047,
24.76389503,109.2966995,
24.78056145,109.4734573,
24.79722977,112.4747849,
24.81389618,111.9626999,
24.83056259,108.6526718,
24.847229,109.3329773,
24.86389542,109.2979507,
24.88056183,111.3597641,
24.89722824,111.7602615,
24.91389656,109.4638443,
24.93056297,110.6511536,
24.94722939,112.2036209,
24.9638958,110.8184738,
24.98056221,110.6518173,
24.99722862,110.2485046,
25.01389503,111.0583954,
25.03056145,110.0219345,
25.04722977,111.3914261,
25.06389618,110.1579666,
25.08056259,110.1304321,
25.097229,111.1563797,
25.11389542,111.8443451,
25.13056183,110.7757339,
25.14722824,111.9023972,
25.16389656,111.4092484,
25.18056297,110.7558746,
25.19722939,112.1414642,
25.2138958,113.583847,
25.23056221,109.22435,
25.24722862,111.9363632,
25.26389503,111.0865555,
25.28056145,109.5439835,
25.29722977,110.430397,
25.31389618,115.6332397,
25.33056259,112.1645279,
25.347229,110.8212433,
25.36389542,110.5583496,
25.38056183,112.9671097,
25.39722824,110.4528732,
25.41389656,111.0420914,
25.43056297,111.0851135,
25.44722939,112.3492432,
25.4638958,111.6630325,
25.48056221,110.9091034,
25.49722862,111.4549484,
25.51389503,112.3652649,
25.53056145,110.7615967,
25.54722977,110.7952118,
25.56389618,113.8968735,
25.58056259,112.8826675,
25.597229,112.6052399,
25.61389542,111.6505356,
25.63056183,111.8787994,
25.64722824,112.5674286,
25.66389656,109.6039276,
25.68056297,112.5931778,
25.69722939,110.3783035,
25.7138958,110.9996796,
25.73056221,111.9385147,
25.74722862,110.1222916,
25.76389503,112.9506607,
25.78056145,114.9748154,
25.79722977,110.8770294,
25.81389618,113.9989166,
25.83056259,113.3423996,
25.847229,111.2534409,
25.86389542,114.1070328,
25.88056183,113.2452545,
25.89722824,113.3141937,
25.91389656,111.2913208,
25.93056297,112.0838776,
25.94722939,113.4314575,
25.9638958,112.7876968,
25.98056221,113.8279572,
25.99722862,111.3744507,
26.01389503,111.4659958,
26.03056145,113.7877045,
26.04722977,110.2685242,
26.06389618,111.7225113,
26.08056259,112.3178253,
26.097229,113.2941055,
26.11389542,113.6830597,
26.13056183,111.4085083,
26.14722824,112.0340118,
26.16389656,110.2947388,
26.18056297,111.7654953,
26.19722939,112.0479431,
26.2138958,112.9128723,
26.23056221,112.4413757,
26.24722862,113.6264954,
26.26389503,112.393486,
26.28056145,111.8630981,
26.29722977,110.9605942,
26.31389618,112.5323257,
26.33056259,112.5525665,
26.347229,111.4037933,
26.36389542,113.7909241,
26.38056183,112.8807678,
26.39722824,114.7534866,
26.41389656,110.9585419,
26.43056297,112.6894302,
26.44722939,114.3416443,
26.4638958,112.958313,
26.48056221,111.6291351,
26.49722862,112.658226,
26.51389503,113.8175583,
26.53056145,113.409935,
26.54722977,113.7975082,
26.56389618,112.6923676,
26.58056259,114.1390305,
26.597229,113.2869492,
26.61389542,112.6813736,
26.63056183,112.9447327,
26.64722824,114.2424698,
26.66389656,114.2102356,
26.68056297,112.7577209,
26.69722939,115.6585388,
26.7138958,112.6456757,
26.73056221,113.5353928,
26.74722862,112.6266708,
26.76389503,115.2165833,
26.78056145,112.4318237,
26.79722977,115.1385803,
26.81389618,113.4928131,
26.83056259,113.3618317,
26.847229,113.3258667,
26.86389542,115.7732773,
26.88056183,111.9727402,
26.89722824,113.3457336,
26.91389656,116.2120743,
26.93056297,110.7243195,
26.94722939,113.8350525,
26.9638958,114.949913,
26.98056221,117.1631317,
26.99722862,113.7505569,
27.01389503,111.893219,
27.03056145,115.5631332,
27.04722977,112.4611816,
27.06389618,115.9558105,
27.08056259,113.2750778,
27.097229,114.9213638,
27.11389542,114.1427536,
27.13056183,115.7814026,
27.14722824,113.6415024,
27.16389656,115.7407379,
27.18056297,114.9157181,
27.19722939,112.4940796,
27.2138958,114.5166626,
27.23056221,113.714447,
27.24722862,114.1380386,
27.26389503,116.5332108,
27.28056145,116.5330276,
27.29722977,115.3876648,
27.31389618,115.2990646,
27.33056259,114.6420517,
27.347229,114.5318451,
27.36389542,114.0597763,
27.38056183,111.9005356,
27.39722824,113.3584213,
27.41389656,114.8326721,
27.43056297,115.7468948,
27.44722939,113.0071564,
27.4638958,111.8151093,
27.48056221,115.7552109,
27.49722862,112.2511978,
27.51389503,112.6625214,
27.53056145,113.3940887,
27.54722977,116.3451004,
27.56389618,114.6517105,
27.58056259,115.2910538,
27.597229,118.7703323,
27.61389542,115.4818115,
27.63056183,113.4057541,
27.64722824,113.2286835,
27.66389656,115.3292694,
27.68056297,115.9610519,
27.69722939,115.8205185,
27.7138958,115.3526917,
27.73056221,114.8199844,
27.74722862,117.9380951,
27.76389503,114.8113937,
27.78056145,115.7479858,
27.79722977,113.9381714,
27.81389618,113.7331924,
27.83056259,113.2735748,
27.847229,114.5856705,
27.86389542,114.5103989,
27.88056183,117.4888687,
27.89722824,115.0018539,
27.91389656,114.8632965,
27.93056297,114.9544907,
27.94722939,118.1569061,
27.9638958,113.5108337,
27.98056221,116.5077057,
27.99722862,114.7637329,
28.01389503,114.7648926,
28.03056145,116.527832,
28.04722977,115.1029205,
28.06389618,117.0736008,
28.08056259,114.6408539,
28.097229,116.2687378,
28.11389542,115.0098877,
28.13056183,115.9120178,
28.14722824,113.4812775,
28.16389656,115.1227646,
28.18056297,115.3089828,
28.19722939,116.0592117,
28.2138958,113.9614029,
28.23056221,115.6014633,
28.24722862,114.6810913,
28.26389503,117.2309036,
28.28056145,115.6921844,
28.29722977,115.2028732,
28.31389618,114.4643555,
28.33056259,117.1507645,
28.347229,115.161972,
28.36389542,115.4612122,
28.38056183,114.3690338,
28.39722824,114.9042511,
28.41389656,114.9419403,
28.43056297,116.2185287,
28.44722939,116.5180664,
28.4638958,115.869873,
28.48056221,117.509346,
28.49722862,117.4161911,
28.51389503,115.4662628,
28.53056145,114.9110107,
28.54722977,116.0266724,
28.56389618,115.305809,
28.58056259,116.5822906,
28.597229,114.8240051,
28.61389542,114.8484421,
28.63056183,117.0139084,
28.64722824,119.0020294,
28.66389656,116.4258957,
28.68056297,113.9867783,
28.69722939,116.700737,
28.7138958,116.1350021,
28.73056221,115.012558,
28.74722862,117.7505035,
28.76389503,115.7577667,
28.78056145,117.7543869,
28.79722977,119.1778488,
28.81389618,119.2516556,
28.83056259,117.0835724,
28.847229,117.0961685,
28.86389542,117.8359375,
28.88056183,116.6162415,
28.89722824,117.501915,
28.91389656,118.3075867,
28.93056297,117.9091415,
28.94722939,118.0210953,
28.9638958,117.1065521,
28.98056221,114.2874603,
28.99722862,118.1288528,
29.01389503,118.3444672,
29.03056145,115.6460648,
29.04722977,116.3470917,
29.06389618,117.4516449,
29.08056259,116.7490005,
29.097229,117.829567,
29.11389542,115.2879868,
29.13056183,115.0017395,
29.14722824,118.6124039,
29.16389656,116.6940308,
29.18056297,115.6657104,
29.19722939,118.9633331,
29.2138958,116.7001648,
29.23056221,118.6829681,
29.24722862,118.5380859,
29.26389503,116.5537872,
29.28056145,116.0842896,
29.29722977,116.3361969,
29.31389618,118.0884323,
29.33056259,115.7290649,
29.347229,117.0644073,
29.36389542,116.1151581,
29.38056183,117.1809616,
29.39722824,116.7440872,
29.41389656,117.4833069,
29.43056297,118.9418335,
29.44722939,118.2438126,
29.4638958,118.7995377,
29.48056221,121.1758118,
29.49722862,116.5942917,
29.51389503,118.3881454,
29.53056145,118.4173203,
29.54722977,118.1040192,
29.56389618,116.626297,
29.58056259,117.8945694,
29.597229,116.3884811,
29.61389542,116.5470657,
29.63056183,116.1804962,
29.64722824,119.3876877,
29.66389656,118.5967941,
29.68056297,117.3373108,
29.69722939,117.7793579,
29.7138958,115.8273468,
29.73056221,118.7050705,
29.74722862,118.9813309,
29.76389503,116.541008,
29.78056145,118.9301147,
29.79722977,115.9653625,
29.81389618,119.3865204,
29.83056259,119.0699921,
29.847229,118.2228088,
29.86389542,116.9387894,
29.88056183,118.1541824,
29.89722824,116.2011642,
29.91389656,118.0917435,
29.93056297,118.7781219,
29.94722939,118.1240463,
29.9638958,120.5152435,
29.98056221,117.3665314,
29.99722862,118.1188126,
30.01389503,118.9978485,
30.03056145,118.8558731,
30.04722977,119.6339874,
30.06389618,116.8843918,
30.08056259,119.2416611,
30.097229,115.9498672,
30.11389542,117.413681,
30.13056183,115.9476624,
30.14722824,118.7656708,
30.16389656,119.0447464,
30.18056297,118.05336,
30.19722939,117.9149551,
30.2138958,119.4684296,
30.23056221,117.4053802,
30.24722862,117.9453583,
30.26389503,118.3120956,
30.28056145,117.3247299,
30.29722977,116.8593216,
30.31389618,115.7345734,
30.33056259,117.6713409,
30.347229,118.1440964,
30.36389542,119.0791245,
30.38056183,118.6807938,
30.39722824,119.8057404,
30.41389656,117.3818665,
30.43056297,121.0978928,
30.44722939,118.5098572,
30.4638958,117.3348618,
30.48056221,116.9319229,
30.49722862,119.3171616,
30.51389503,121.2943954,
30.53056145,118.7222519,
30.54722977,116.4218979,
30.56389618,117.3019409,
30.58056259,117.9357986,
30.597229,118.2995911,
30.61389542,119.0746155,
30.63056183,118.5993347,
30.64722824,120.1138535,
30.66389656,117.8572922,
30.68056297,120.5584106,
30.69722939,117.5780182,
30.7138958,117.5269012,
30.73056221,116.6052475,
30.74722862,120.5007706,
30.76389503,118.54245,
30.78056145,119.7252197,
30.79722977,117.2314377,
30.81389618,120.2514496,
30.83056259,117.8953934,
30.847229,119.4635162,
30.86389542,119.2087936,
30.88056183,119.245697,
30.89722824,119.5221558,
30.91389656,118.7282028,
30.93056297,121.184082,
30.94722939,117.9634171,
30.9638958,118.8311386,
30.98056221,115.8943481,
30.99722862,118.3263092,
31.01389503,119.4839172,
31.03056145,119.3298569,
31.04722977,117.7008438,
31.06389618,119.3216019,
31.08056259,121.8006439,
31.097229,117.9947128,
31.11389542,117.3450165,
31.13056183,118.8904877,
31.14722824,118.9477005,
31.16389656,119.4680176,
31.18056297,121.6291656,
31.19722939,120.6634216,
31.2138958,117.9752121,
31.23056221,119.1523438,
31.24722862,120.165596,
31.26389503,120.3886566,
31.28056145,119.488327,
31.29722977,117.1116791,
31.31389618,119.1225662,
31.33056259,117.9907913,
31.347229,119.2549896,
31.36389542,117.8077927,
31.38056183,118.9198074,
31.39722824,119.8371124,
31.41389656,119.769249,
31.43056297,118.3158569,
31.44722939,117.4359589,
31.4638958,119.5280991,
31.48056221,118.8335419,
31.49722862,122.046936,
31.51389503,120.0307083,
31.53056145,120.8142776,
31.54722977,118.3878632,
31.56389618,121.7155151,
31.58056259,121.7968826,
31.597229,120.9769669,
31.61389542,121.0895004,
31.63056183,120.0512238,
31.64722824,121.7312927,
31.66389656,120.3488007,
31.68056297,119.2262726,
31.69722939,118.9597321,
31.7138958,120.9744797,
31.73056221,119.6625519,
31.74722862,118.9195786,
31.76389503,119.6794434,
31.78056145,119.757782,
31.79722977,118.8940277,
31.81389618,119.8861923,
31.83056259,121.3090439,
31.847229,118.2933044,
31.86389542,121.2010345,
31.88056183,120.0607834,
31.89722824,121.8114395,
31.91389656,121.2466736,
31.93056297,120.9610748,
31.94722939,121.3241882,
31.9638958,121.05793,
31.98056221,120.1243973,
31.99722862,119.2924652,
32.01389694,118.4716873,
32.03056335,122.169487,
32.04722977,120.5122604,
32.06389618,120.9383316,
32.08056259,119.2180405,
32.097229,120.4442215,
32.11389542,119.2555389,
32.13056183,120.900116,
32.14722824,121.3996353,
32.16389465,122.6494904,
32.18056107,120.6991959,
32.19722748,121.6398087,
32.21389389,122.0511017,
32.23056412,121.7791748,
32.24723053,119.0608444,
32.26389694,120.1487503,
32.28056335,121.2613144,
32.29722977,121.3154449,
32.31389618,121.1107788,
32.33056259,119.6395264,
32.347229,120.2082901,
32.36389542,122.8478928,
32.38056183,123.7513885,
32.39722824,121.4812851,
32.41389465,121.6165924,
32.43056107,119.3025742,
32.44722748,122.4891663,
32.46389389,123.6411819,
32.48056412,121.8603439,
32.49723053,118.9359283,
32.51389694,119.8368149,
32.53056335,123.1120987,
32.54722977,122.3352814,
32.56389618,120.0523682,
32.58056259,119.1090012,
32.597229,120.0775833,
32.61389542,121.0092926,
32.63056183,120.9751358,
32.64722824,119.6578827,
32.66389465,121.9999771,
32.68056107,121.312027,
32.69722748,121.528801,
32.71389389,121.2068024,
32.73056412,120.0060959,
32.74723053,120.4551392,
32.76389694,121.1691284,
32.78056335,121.134285,
32.79722977,121.8625565,
32.81389618,121.2926102,
32.83056259,121.8099213,
32.847229,120.7130127,
32.86389542,120.6033478,
32.88056183,122.0421371,
32.89722824,123.1380768,
32.91389465,119.3898315,
32.93056107,120.1668167,
32.94722748,120.0962219,
32.96389389,122.7932816,
32.98056412,122.440979,
32.99723053,122.3052597,
33.01389694,124.8559418,
33.03056335,121.1139832,
33.04722977,122.2785263,
33.06389618,120.2590866,
33.08056259,122.0187912,
33.097229,122.0129318,
33.11389542,120.200943,
33.13056183,120.6029434,
33.14722824,120.2046127,
33.16389465,120.435379,
33.18056107,122.3818588,
33.19722748,120.7399216,
33.21389389,123.3818054,
33.23056412,121.6483994,
33.24723053,122.298851,
33.26389694,120.3376007,
33.28056335,124.0579834,
33.29722977,122.712883,
33.31389618,122.0526886,
33.33056259,121.9969482,
33.347229,120.560997,
33.36389542,121.0401917,
33.38056183,122.8285522,
33.39722824,121.8425522,
33.41389465,122.3677597,
33.43056107,123.423912,
33.44722748,122.6773758,
33.46389389,124.4331436,
33.48056412,121.8944855,
33.49723053,121.9409485,
33.51389694,120.3935242,
33.53056335,123.788353,
33.54722977,122.5371323,
33.56389618,124.233551,
33.58056259,122.2752151,
33.597229,121.0983429,
33.61389542,122.8422852,
33.63056183,122.8485641,
33.64722824,124.0610809,
33.66389465,120.248703,
33.68056107,120.6828613,
33.69722748,119.791275,
33.71389389,123.5539322,
33.73056412,123.0518723,
33.74723053,121.95224,
33.76389694,120.8244324,
33.78056335,123.3199997,
33.79722977,122.1447144,
33.81389618,123.3396301,
33.83056259,121.518219,
33.847229,122.4559097,
33.86389542,123.5500793,
33.88056183,123.8678284,
33.89722824,123.2884979,
33.91389465,120.0460434,
33.93056107,121.9057465,
33.94722748,121.1561813,
33.96389389,122.2827072,
33.98056412,124.1125336,
33.99723053,124.3857803,
34.01389694,124.2041626,
34.03056335,121.1913452,
34.04722977,121.6067047,
34.06389618,124.1932297,
34.08056259,121.2491302,
34.097229,122.533699,
34.11389542,123.6203003,
34.13056183,120.9568024,
34.14722824,123.1173706,
34.16389465,121.6337509,
34.18056107,122.2973022,
34.19722748,125.3118668,
34.21389389,120.4771118,
34.23056412,121.5354691,
34.24723053,123.6615906,
34.26389694,124.1036758,
34.28056335,122.687645,
34.29722977,123.5278244,
34.31389618,123.8831711,
34.33056259,123.4538116,
34.347229,123.1398773,
34.36389542,122.0422516,
34.38056183,123.1455307,
34.39722824,123.7000961,
34.41389465,121.6373978,
34.43056107,122.7808304,
34.44722748,121.8782349,
34.46389389,121.7852554,
34.48056412,123.251297,
34.49723053,122.8112411,
34.51389694,123.8864441,
34.53056335,124.5200577,
34.54722977,121.9092026,
34.56389618,125.1428757,
34.58056259,121.0525818,
34.597229,122.2994614,
34.61389542,123.3627625,
34.63056183,122.366539,
34.64722824,124.2632294,
34.66389465,122.3760529,
34.68056107,122.9685135,
34.69722748,122.1906433,
34.71389389,124.1822205,
34.73056412,122.9535828,
34.74723053,123.1831818,
34.76389694,124.1358414,
34.78056335,125.2419205,
34.79722977,123.2692413,
34.81389618,122.3181381,
34.83056259,123.0406342,
34.847229,125.4828873,
34.86389542,123.8065338,
34.88056183,123.504425,
34.89722824,125.9716568,
34.91389465,123.249527,
34.93056107,123.0772171,
34.94722748,125.169754,
34.96389389,121.7963638,
34.98056412,122.10392,
34.99723053,123.4764786,
35.01389694,121.8482132,
35.03056335,125.2692184,
35.04722977,123.700882,
35.06389618,124.5060959,
35.08056259,124.5045624,
35.097229,122.7580032,
35.11389542,125.2696533,
35.13056183,122.7699585,
35.14722824,122.3970947,
35.16389465,123.3898697,
35.18056107,122.4890442,
35.19722748,123.805542,
35.21389389,123.3143539,
35.23056412,122.7525024,
35.24723053,125.4892807,
35.26389694,125.1866531,
35.28056335,124.7302246,
35.29722977,122.8115616,
35.31389618,124.1404266,
35.33056259,123.1295853,
35.347229,124.9065247,
35.36389542,122.7196732,
35.38056183,124.8987961,
35.39722824,123.132843,
35.41389465,124.5914764,
35.43056107,123.5022507,
35.44722748,123.2761612,
35.46389389,127.1517563,
35.48056412,124.9378204,
35.49723053,123.6173325,
35.51389694,125.0564041,
35.53056335,125.9116516,
35.54722977,122.0962219,
35.56389618,123.4094315,
35.58056259,124.7115631,
35.597229,123.9241791,
35.61389542,123.4503555,
35.63056183,124.0673752,
35.64722824,124.5812225,
35.66389465,123.6232605,
35.68056107,124.4257355,
35.69722748,123.2007446,
35.71389389,123.2789688,
35.73056412,124.8784485,
35.74723053,122.7274399,
35.76389694,124.0778656,
35.78056335,125.8132782,
35.79722977,123.5956116,
35.81389618,124.1084747,
35.83056259,125.0768127,
35.847229,125.1355972,
35.86389542,122.681778,
35.88056183,126.0249481,
35.89722824,123.9424286,
35.91389465,124.9789124,
35.93056107,124.156929,
35.94722748,124.4298401,
35.96389389,123.7619781,
35.98056412,125.765831,
35.99723053,125.0540009,
36.01389694,124.0946579,
36.03056335,124.7823944,
36.04722977,123.3467941,
36.06389618,126.2777023,
36.08056259,123.1066284,
36.097229,125.0493546,
36.11389542,124.5066681,
36.13056183,123.7323456,
36.14722824,124.4003601,
36.16389465,125.374855,
36.18056107,126.8928833,
36.19722748,123.216362,
36.21389389,126.898407,
36.23056412,123.3696213,
36.24723053,126.401741,
36.26389694,123.3055954,
36.28056335,126.4275284,
36.29722977,124.9399109,
36.31389618,125.9506073,
36.33056259,124.7449493,
36.347229,123.6268692,
36.36389542,125.0706787,
36.38056183,125.9282532,
36.39722824,124.9260025,
36.41389465,126.814621,
36.43056107,124.7484207,
36.44722748,124.9214096,
36.46389389,124.5056381,
36.48056412,124.1748505,
36.49723053,125.2656555,
36.51389694,126.2112427,
36.53056335,125.9440002,
36.54722977,124.3025894,
36.56389618,124.738678,
36.58056259,125.8005676,
36.597229,127.5198593,
36.61389542,124.3304214,
36.63056183,127.3856888,
36.64722824,125.8413315,
36.66389465,126.5266571,
36.68056107,124.4343338,
36.69722748,125.0518875,
36.71389389,124.6078491,
36.73056412,126.5497818,
36.74723053,125.6870346,
36.76389694,123.7572556,
36.78056335,125.5264587,
36.79722977,126.2064743,
36.81389618,126.4523239,
36.83056259,125.1691895,
36.847229,124.3018494,
36.86389542,125.3063354,
36.88056183,126.8923416,
36.89722824,125.1595306,
36.91389465,125.6445236,
36.93056107,125.5778961,
36.94722748,127.4242096,
36.96389389,126.7251205,
36.98056412,125.3070984,
36.99723053,124.2362137,
37.01389694,123.8529968,
37.03056335,127.847908,
37.04722977,126.1854324,
37.06389618,126.3629761,
37.08056259,125.4059982,
37.097229,125.6387711,
37.11389542,124.8625336,
37.13056183,125.8281631,
37.14722824,125.2627411,
37.16389465,124.4726334,
37.18056107,125.8812103,
37.19722748,124.5039291,
37.21389389,126.6758423,
37.23056412,127.3510284,
37.24723053,124.7412491,
37.26389694,126.5611496,
37.28056335,127.2133026,
37.29722977,126.7799454,
37.31389618,126.3117828,
37.33056259,126.4039154,
37.347229,125.2412796,
37.36389542,126.806366,
37.38056183,125.1257935,
37.39722824,124.8162079,
37.41389465,128.0991058,
37.43056107,124.3012543,
37.44722748,126.4183807,
37.46389389,127.0397491,
37.48056412,126.2135086,
37.49723053,127.7667847,
37.51389694,127.7909012,
37.53056335,124.5059967,
37.54722977,125.7458038,
37.56389618,125.0556717,
37.58056259,128.6151276,
37.597229,125.0011597,
37.61389542,126.2147446,
37.63056183,125.1585312,
37.64722824,125.5869293,
37.66389465,124.6138916,
37.68056107,123.8495102,
37.69722748,125.5222549,
37.71389389,127.2443695,
37.73056412,125.7724915,
37.74723053,127.1977005,
37.76389694,125.9761581,
37.78056335,127.8607559,
37.79722977,126.3211212,
37.81389618,125.8661575,
37.83056259,125.7911606,
37.847229,128.1128845,
37.86389542,126.7079697,
37.88056183,125.7527771,
37.89722824,127.7396393,
37.91389465,128.1192169,
37.93056107,128.2798767,
37.94722748,127.1873245,
37.96389389,127.0274811,
37.98056412,127.3653336,
37.99723053,126.5805054,
38.01389694,126.8378906,
38.03056335,128.2436066,
38.04722977,127.2045517,
38.06389618,124.9545822,
38.08056259,128.6354828,
38.097229,125.4421463,
38.11389542,126.3884125,
38.13056183,128.0690613,
38.14722824,127.6610336,
38.16389465,126.8358688,
38.18056107,126.9099579,
38.19722748,127.611412,
38.21389389,125.8926544,
38.23056412,128.896225,
38.24723053,127.3132858,
38.26389694,127.3743362,
38.28056335,126.7138138,
38.29722977,127.2787628,
38.31389618,124.1478729,
38.33056259,126.7603073,
38.347229,127.2856598,
38.36389542,124.7854919,
38.38056183,126.3623123,
38.39722824,126.7592621,
38.41389465,124.4937744,
38.43056107,127.6599731,
38.44722748,124.7582779,
38.46389389,127.5792542,
38.48056412,127.575592,
38.49723053,126.6715851,
38.51389694,127.7067795,
38.53056335,127.4902802,
38.54722977,125.6617432,
38.56389618,126.0886917,
38.58056259,129.3504486,
38.597229,127.1206589,
38.61389542,126.4497223,
38.63056183,129.244812,
38.64722824,126.463356,
38.66389465,125.701622,
38.68056107,127.6903458,
38.69722748,126.7941742,
38.71389389,128.9737549,
38.73056412,126.1754303,
38.74723053,127.0659256,
38.76389694,126.7243958,
38.78056335,127.283287,
38.79722977,125.2589798,
38.81389618,128.0752411,
38.83056259,127.9771805,
38.847229,125.4895172,
38.86389542,126.7653275,
38.88056183,124.5452957,
38.89722824,128.0516663,
38.91389465,127.6134109,
38.93056107,126.2972183,
38.94722748,126.8176422,
38.96389389,127.720314,
38.98056412,129.0453339,
38.99723053,130.3549347,
39.01389694,127.2862549,
39.03056335,126.8407974,
39.04722977,126.7933426,
39.06389618,128.977356,
39.08056259,125.8898087,
39.097229,126.7370148,
39.11389542,124.6930542,
39.13056183,125.3199692,
39.14722824,128.221817,
39.16389465,126.5841751,
39.18056107,126.7310715,
39.19722748,130.2105865,
39.21389389,127.6377258,
39.23056412,129.6561737,
39.24723053,129.2961273,
39.26389694,128.4745941,
39.28056335,128.372406,
39.29722977,126.4269485,
39.31389618,126.190979,
39.33056259,127.96418,
39.347229,126.5447998,
39.36389542,127.3039017,
39.38056183,128.7864227,
39.39722824,127.0100937,
39.41389465,126.9081955,
39.43056107,125.7553558,
39.44722748,128.7850189,
39.46389389,129.4252014,
39.48056412,130.0890045,
39.49723053,126.8360748,
39.51389694,127.0355759,
39.53056335,126.1008835,
39.54722977,129.0900574,
39.56389618,129.5618286,
39.58056259,130.3490906,
39.597229,128.7062531,
39.61389542,126.7600327,
39.63056183,126.6573944,
39.64722824,130.3122864,
39.66389465,128.8591461,
39.68056107,130.2423248,
39.69722748,129.1536255,
39.71389389,129.5896301,
39.73056412,126.4749603,
39.74723053,127.0845413,
39.76389694,129.0123138,
39.78056335,128.3920746,
39.79722977,127.4304123,
39.81389618,127.2929764,
39.83056259,128.7704163,
39.847229,127.0233383,
39.86389542,127.189415,
39.88056183,128.6723175,
39.89722824,128.2318726,
39.91389465,127.1894302,
39.93056107,127.4897308,
39.94722748,129.4821014,
39.96389389,129.9875031,
39.98056412,130.2968903,
39.99723053,130.3605804,
40.01389694,130.161377,
40.03056335,128.6667633,
40.04722977,127.3035583,
40.06389618,129.2600708,
40.08056259,126.092804,
40.097229,128.6195831,
40.11389542,127.6206818,
40.13056183,127.6998367,
40.14722824,127.5475159,
40.16389465,131.0631256,
40.18056107,130.363266,
40.19722748,127.7000046,
40.21389389,128.8409882,
40.23056412,128.2618561,
40.24723053,130.6635895,
40.26389694,128.2121887,
40.28056335,129.0449066,
40.29722977,128.2866669,
40.31389618,127.1418762,
40.33056259,128.4021149,
40.347229,128.3934631,
40.36389542,129.3141632,
40.38056183,130.3511353,
40.39722824,127.1152039,
40.41389465,129.8902893,
40.43056107,128.0975494,
40.44722748,128.1709595,
40.46389389,128.7784729,
40.48056412,128.7508087,
40.49723053,128.1737823,
40.51389694,127.3906708,
40.53056335,127.5891495,
40.54722977,129.9655609,
40.56389618,131.6324005,
40.58056259,128.5169983,
40.597229,126.2924042,
40.61389542,128.778717,
40.63056183,127.5076904,
40.64722824,126.6625824,
40.66389465,128.636322,
40.68056107,130.1885071,
40.69722748,128.8195038,
40.71389389,129.0226135,
40.73056412,129.1634827,
40.74723053,127.1943588,
40.76389694,129.9020844,
40.78056335,129.8761749,
40.79722977,127.7185669,
40.81389618,127.6736679,
40.83056259,128.8394928,
40.847229,128.8621368,
40.86389542,128.9824677,
40.88056183,127.5203094,
40.89722824,129.5474396,
40.91389465,126.0767441,
40.93056107,126.8377762,
40.94722748,127.9864731,
40.96389389,130.0578461,
40.98056412,127.8340073,
40.99723053,128.9047394,
41.01389694,128.3127594,
41.03056335,129.914505,
41.04722977,129.5414124,
41.06389618,131.1123962,
41.08056259,127.0492249,
41.097229,129.5914764,
41.11389542,129.614624,
41.13056183,128.769516,
41.14722824,128.7216339,
41.16389465,127.2679977,
41.18056107,128.9708405,
41.19722748,129.577774,
41.21389389,128.9044952,
41.23056412,128.2705383,
41.24723053,128.8665314,
41.26389694,131.4250183,
41.28056335,131.1586914,
41.29722977,127.4806671,
41.31389618,128.8854828,
41.33056259,129.912735,
41.347229,129.0180359,
41.36389542,131.2332611,
41.38056183,127.9129868,
41.39722824,129.1986237,
41.41389465,129.9906464,
41.43056107,131.6920319,
41.44722748,129.6527557,
41.46389389,127.4237518,
41.48056412,129.5196228,
41.49723053,129.3527985,
41.51389694,128.8475647,
41.53056335,130.5869446,
41.54722977,129.4012146,
41.56389618,129.1999969,
41.58056259,129.1269989,
41.597229,129.1247101,
41.61389542,129.2891846,
41.63056183,129.2919006,
41.64722824,127.1227417,
41.66389465,129.2124023,
41.68056107,130.1310577,
41.69722748,129.5897369,
41.71389389,129.2602386,
41.73056412,129.4433594,
41.74723053,129.9115143,
41.76389694,128.5657043,
41.78056335,131.1099396,
41.79722977,129.6582794,
41.81389618,129.5469666,
41.83056259,131.7461395,
41.847229,130.7885895,
41.86389542,129.1582336,
41.88056183,131.082962,
41.89722824,129.6962738,
41.91389465,126.4639053,
41.93056107,131.137146,
41.94722748,128.9201813,
41.96389389,129.7861328,
41.98056412,129.841217,
41.99723053,128.3045197,
42.01389694,126.4332123,
42.03056335,130.1155243,
42.04722977,132.2923126,
42.06389618,130.4384308,
42.08056259,130.0445862,
42.097229,130.1608429,
42.11389542,129.0033569,
42.13056183,127.4593658,
42.14722824,128.6520538,
42.16389465,129.5527954,
42.18056107,130.3969269,
42.19722748,131.9277344,
42.21389389,129.1361542,
42.23056412,128.2645111,
42.24723053,130.3579559,
42.26389694,129.7567749,
42.28056335,132.1247101,
42.29722977,129.0522308,
42.31389618,130.2934875,
42.33056259,129.8182831,
42.347229,129.594635,
42.36389542,129.4598389,
42.38056183,130.3837891,
42.39722824,128.7750702,
42.41389465,129.9024811,
42.43056107,131.1382751,
42.44722748,132.2718353,
42.46389389,128.1337585,
42.48056412,130.6334686,
42.49723053,131.2312927,
42.51389694,130.6658783,
42.53056335,130.7015686,
42.54722977,130.2998047,
42.56389618,130.4126892,
42.58056259,130.9494476,
42.597229,131.2900391,
42.61389542,129.8470764,
42.63056183,128.5131989,
42.64722824,129.4896088,
42.66389465,128.841217,
42.68056107,129.9171295,
42.69722748,130.4437256,
42.71389389,128.1940002,
42.73056412,130.7706909,
42.74723053,130.6176453,
42.76389694,130.7692413,
42.78056335,128.832962,
42.79722977,132.0706482,
42.81389618,131.1914673,
42.83056259,132.8029022,
42.847229,130.0103912,
42.86389542,132.0765991,
42.88056183,130.8768463,
42.89722824,129.2136536,
42.91389465,129.3381348,
42.93056107,132.7013092,
42.94722748,129.6080933,
42.96389389,130.9317932,
42.98056412,132.8860474,
42.99723053,131.8060303,
43.01389694,131.4984589,
43.03056335,134.1221161,
43.04722977,128.7641754,
43.06389618,130.1183472,
43.08056259,131.3940887,
43.097229,129.2974091,
43.11389542,130.9351196,
43.13056183,129.6797485,
43.14722824,130.2714996,
43.16389465,131.399826,
43.18056107,131.4203644,
43.19722748,130.6766815,
43.21389389,132.3050079,
43.23056412,132.1968079,
43.24723053,130.4364014,
43.26389694,131.3482971,
43.28056335,132.5612183,
43.29722977,130.9919586,
43.31389618,133.2201843,
43.33056259,127.1566772,
43.347229,129.3706665,
43.36389542,131.1835938,
43.38056183,129.5176239,
43.39722824,128.9599762,
43.41389465,130.6435547,
43.43056107,132.3445892,
43.44722748,128.825882,
43.46389389,130.1877289,
43.48056412,127.0425949,
43.49723053,132.1880493,
43.51389694,129.0835419,
43.53056335,130.7316284,
43.54722977,132.4214325,
43.56389618,131.4660034,
43.58056259,131.7668304,
43.597229,131.548584,
43.61389542,129.6792908,
43.63056183,132.2698975,
43.64722824,128.1891327,
43.66389465,133.1929321,
43.68056107,132.8278656,
43.69722748,131.3101501,
43.71389389,131.9987793,
43.73056412,130.6946564,
43.74723053,133.9229126,
43.76389694,131.891037,
43.78056335,132.6336517,
43.79722977,132.5199127,
43.81389618,130.6539917,
43.83056259,131.8331757,
43.847229,133.6981506,
43.86389542,132.4682159,
43.88056183,132.3636932,
43.89722824,132.123764,
43.91389465,131.2834778,
43.93056107,131.0170135,
43.94722748,132.5655212,
43.96389389,130.9038239,
43.98056412,128.834671,
43.99723053,129.7605286,
44.01389694,132.7263031,
44.03056335,132.3794708,
44.04722977,129.5352783,
44.06389618,130.4839478,
44.08056259,131.3831635,
44.097229,131.9484863,
44.11389542,132.3585815,
44.13056183,130.9929199,
44.14722824,129.8777161,
44.16389465,131.618866,
44.18056107,131.9400024,
44.19722748,133.2657013,
44.21389389,131.8556824,
44.23056412,131.9802551,
44.24723053,130.6987,
44.26389694,130.8044739,
44.28056335,131.4978638,
44.29722977,132.5156403,
44.31389618,131.3322296,
44.33056259,130.8426819,
44.347229,132.9188538,
44.36389542,132.0882874,
44.38056183,129.4689941,
44.39722824,131.9294128,
44.41389465,129.7909088,
44.43056107,131.0763245,
44.44722748,130.6390533,
44.46389389,131.2870941,
44.48056412,130.7211151,
44.49723053,131.8849945,
44.51389694,134.2296906,
44.53056335,129.7918854,
44.54722977,129.2479248,
44.56389618,130.3658447,
44.58056259,132.2151489,
44.597229,131.4857635,
44.61389542,131.1300049,
44.63056183,132.0558014,
44.64722824,133.10112,
44.66389465,131.1234283,
44.68056107,130.5465088,
44.69722748,132.2543182,
44.71389389,131.7262421,
44.73056412,132.0787811,
44.74723053,130.000885,
44.76389694,130.8298492,
44.78056335,131.3743134,
44.79722977,130.8391266,
44.81389618,131.7846985,
44.83056259,131.9369354,
44.847229,133.694046,
44.86389542,131.1496124,
44.88056183,129.9240112,
44.89722824,132.22435,
44.91389465,133.3709717,
44.93056107,131.8723907,
44.94722748,132.6959839,
44.96389389,129.5744629,
44.98056412,131.4891052,
44.99723053,132.7699127,
45.01389694,132.4107819,
45.03056335,134.0286255,
45.04722977,129.0856171,
45.06389618,135.1580505,
45.08056259,132.9318695,
45.097229,130.6173859,
45.11389542,131.5355225,
45.13056183,130.961441,
45.14722824,133.5471039,
45.16389465,132.727356,
45.18056107,130.4809265,
45.19722748,134.0044403,
45.21389389,131.3916779,
45.23056412,130.7423859,
45.24723053,132.6264191,
45.26389694,131.7859192,
45.28056335,132.7452545,
45.29722977,132.9640656,
45.31389618,132.9551392,
45.33056259,132.3738098,
45.347229,133.6474152,
45.36389542,131.203064,
45.38056183,133.1781464,
45.39722824,133.4360809,
45.41389465,134.3930359,
45.43056107,134.7200317,
45.44722748,131.7539673,
45.46389389,132.7600555,
45.48056412,131.2825775,
45.49723053,134.0835571,
45.51389694,130.7262115,
45.53056335,131.0698853,
45.54722977,132.7917938,
45.56389618,134.3284302,
45.58056259,132.8348541,
45.597229,132.4337311,
45.61389542,133.7590179,
45.63056183,133.0953522,
45.64722824,132.1407776,
45.66389465,129.2375336,
45.68056107,132.2783661,
45.69722748,133.1416931,
45.71389389,130.4923401,
45.73056412,130.8253174,
45.74723053,131.886795,
45.76389694,130.0336304,
45.78056335,132.7120667,
45.79722977,132.7443542,
45.81389618,132.5206299,
45.83056259,132.4510956,
45.847229,134.061203,
45.86389542,130.9822693,
45.88056183,132.4224548,
45.89722824,131.3275909,
45.91389465,130.9849854,
45.93056107,133.7863922,
45.94722748,131.2417908,
45.96389389,132.6230774,
45.98056412,130.9990997,
45.99723053,130.9607239,
46.01389694,134.4369049,
46.03056335,131.6484985,
46.04722977,134.040329,
46.06389618,133.3637695,
46.08056259,133.6043396,
46.097229,133.4324036,
46.11389542,131.5342407,
46.13056183,131.917511,
46.14722824,132.2519531,
46.16389465,133.3240509,
46.18056107,133.7325897,
46.19722748,133.7234192,
46.21389389,133.7630615,
46.23056412,132.0782928,
46.24723053,132.0359039,
46.26389694,133.5738831,
46.28056335,135.4021301,
46.29722977,132.5100708,
46.31389618,132.9392242,
46.33056259,133.3206177,
46.347229,134.7300873,
46.36389542,133.3241577,
46.38056183,132.658371,
46.39722824,132.5665436,
46.41389465,134.074646,
46.43056107,133.7191772,
46.44722748,133.9600067,
46.46389389,133.1445618,
46.48056412,133.7405853,
46.49723053,131.783783,
46.51389694,133.7274475,
46.53056335,134.7165985,
46.54722977,131.4083557,
46.56389618,134.6037292,
46.58056259,134.1405334,
46.597229,133.2285919,
46.61389542,132.7991028,
46.63056183,132.7533112,
46.64722824,133.416214,
46.66389465,132.0681152,
46.68056107,132.8430023,
46.69722748,132.4666748,
46.71389389,133.4685364,
46.73056412,133.5691833,
46.74723053,133.4492188,
46.76389694,128.9648743,
46.78056335,133.299942,
46.79722977,131.9743347,
46.81389618,132.6762085,
46.83056259,133.0683899,
46.847229,133.5056763,
46.86389542,135.1022491,
46.88056183,134.423584,
46.89722824,133.9575043,
46.91389465,133.6447754,
46.93056107,134.9412689,
46.94722748,134.4448242,
46.96389389,132.8505249,
46.98056412,133.5557251,
46.99723053,132.011734,
47.01389694,134.9416809,
47.03056335,134.6907349,
47.04722977,134.3928223,
47.06389618,132.6200867,
47.08056259,133.3809967,
47.097229,133.3687592,
47.11389542,131.2458191,
47.13056183,132.5757904,
47.14722824,132.3471222,
47.16389465,133.2302399,
47.67339706,236.8712463,
47.69006348,243.992157,
47.70672989,243.1174316,
47.7233963,244.9264679,
47.74006271,251.2210541,
47.75672913,252.0680084,
47.77339554,259.787323,
47.79006195,254.3040466,
47.80672836,262.4593811,
47.82339859,261.477356,
47.840065,262.1885376,
47.85673141,267.3964539,
47.87339783,266.8656921,
47.89006424,269.2979126,
47.90673065,272.2944031,
47.92339706,271.2722473,
47.94006348,272.743866,
47.95672989,274.6616516,
47.9733963,277.8009033,
47.99006271,277.224884,
48.00672913,279.3245544,
48.02339554,278.507782,
48.04006195,280.7084045,
48.05672836,279.3218994,
48.07339859,283.7191162,
48.090065,279.0661011,
48.10673141,284.7919617,
48.12339783,276.6837158,
48.14006424,284.3224182,
48.15673065,281.4628601,
48.17339706,284.6101074,
48.19006348,283.4714966,
48.20672989,282.7180786,
48.2233963,284.9839172,
48.24006271,286.2453613,
48.25672913,285.0830383,
48.27339554,282.6223145,
48.29006195,284.4863281,
48.30672836,283.3399048,
48.32339859,286.552063,
48.340065,286.8491821,
48.35673141,286.6123047,
48.37339783,287.8039551,
48.39006424,288.4254456,
48.40673065,289.8973694,
48.42339706,289.287323,
48.44006348,286.6219177,
48.45672989,293.8338013,
48.4733963,289.9298096,
48.49006271,287.3885803,
48.50672913,292.2735596,
48.52339554,287.6730957,
48.54006195,290.4551697,
48.55672836,290.2634277,
48.57339859,286.1398926,
48.590065,288.671051,
48.60673141,289.0986023,
48.62339783,287.0973816,
48.64006424,286.6079712,
48.65673065,291.2429504,
48.67339706,288.7444763,
48.69006348,291.1629028,
48.70672989,286.3006287,
48.7233963,288.044281,
48.74006271,291.6203918,
48.75672913,288.3053284,
48.77339554,290.5873108,
48.79006195,287.2056885,
48.80672836,288.8509521,
48.82339859,289.0604858,
48.840065,287.3203125,
48.85673141,287.6618652,
48.87339783,285.3464355,
48.89006424,288.2264404,
48.90673065,290.3640442,
48.92339706,288.414032,
48.94006348,284.3074951,
48.95672989,287.7937012,
48.9733963,289.0854187,
48.99006271,289.592865,
49.00672913,288.5906372,
49.02339554,287.4688721,
49.04006195,288.4530945,
49.05672836,288.3761902,
49.07339859,288.2789612,
49.090065,290.7671814,
49.10673141,288.4126892,
49.12339783,289.5753784,
49.14006424,285.5794067,
49.15673065,291.3545837,
49.17339706,289.6333618,
49.19006348,285.4811401,
49.20672989,290.813385,
49.2233963,290.2346802,
49.24006271,289.1961365,
49.25672913,286.9500732,
49.27339554,291.0009766,
49.29006195,286.3587036,
49.30672836,288.0531921,
49.32339859,290.1713257,
49.340065,287.5257568,
49.35673141,289.7413025,
49.37339783,285.3220215,
49.39006424,289.6724548,
49.40673065,286.4386597,
49.42339706,287.861145,
49.44006348,291.5592651,
49.45672989,287.2050476,
49.4733963,286.9730225,
49.49006271,288.3269958,
49.50672913,289.8106995,
49.52339554,288.9387512,
49.54006195,289.8401794,
49.55672836,287.25177,
49.57339859,288.5105286,
49.590065,287.6646423,
49.60673141,287.8805847,
49.62339783,286.9992371,
49.64006424,289.7003479,
49.65673065,290.4151306,
49.67339706,291.4536743,
49.69006348,290.9463196,
49.70672989,286.9809875,
49.7233963,288.2671509,
49.74006271,291.783905,
49.75672913,288.5531311,
49.77339554,289.81427,
49.79006195,291.1455994,
49.80672836,288.145874,
49.82339859,291.1717529,
49.840065,286.9931946,
49.85673141,287.8537292,
49.87339783,290.1315613,
49.89006424,283.8846436,
49.90673065,292.0929871,
49.92339706,286.6932373,
49.94006348,289.4190369,
49.95672989,288.7654419,
49.9733963,291.7032776,
49.99006271,290.9781189,
50.00672913,289.8634338,
50.02339554,287.8900452,
50.04006195,291.4681091,
50.05672836,288.8345947,
50.07339859,290.8165894,
50.090065,287.4524231,
50.10673141,289.6459656,

25C-L5R2,
25C-L5R2
Collection Time: 8/9/2016 5:15:44 PM
Operator Name  :
Kinetics Software Version: 1.1(133)
Parameter List :
Report Time: Tue 09 Aug 05:15:44 PM 2016
Batch: C:\Varian\Cary Eclipse WinFLR\DATA\Sudhanshu G\Memoids-9\Aug 2016 Single Hairpin Opening\Aug9-RC10nM-H9-10nM-L5R2-Signal.FBKN
Software version: 1.1(133)
Operator:
Instrument Parameters
Instrument                        Cary Eclipse
Instrument Serial Number          EL04103867
Data mode                         Fluorescence
Ex. wavelength (nm)               524.00
Em. wavelength (nm)               541.00
Ex. Slit (nm)                     10
Em. Slit (nm)                     5
Averaging Time (s)                1.0000
Cycle time(min)                   0.0000
Stop time(min)                    1440.0000
Emission filter                   Open
Excitation Filter                 Auto
PMT voltage (V)                   High
Multicell holder                  Multicell
Temperature control
Device                           Temperature controller
Set temperature (C)             25.00
Monitor                          Block
Comments:
Method Log     :
Method Name    : C:\Varian\Cary Eclipse WinFLR\DATA\Sudhanshu G\Memoids-9\Aug 2016 Single Hairpin Opening\Aug9-RC10nM-H9-10nM-L5R2-Signal.FBKN
Date/Time stamp: 8/9/2016 5:15:32 PM
Method Modifications:
PMT Volts Changed: 11/20/2013 5:25:13 PM, Old:600, New:800
Emission PMT (V): Changed: 11/20/2013 5:25:14 PM, Old: 600, New: 800
Cell Changer Changed: 11/20/2013 5:33:14 PM, Old:OFF, New:ON
Cell1 Changed: 11/20/2013 5:33:14 PM, Old:OFF, New:ON
Cell2 Changed: 11/20/2013 5:33:14 PM, Old:OFF, New:ON
Monitoring device: Changed: 11/20/2013 5:33:14 PM, Old:PCB 150, New:Block
Excitation Wavelength Changed: 11/20/2013 5:33:14 PM, Old: 400.00, New: 303.00
Emission Wavelength Changed: 11/20/2013 5:33:14 PM, Old: 600.00, New: 371.00
Ex. Slit Width (nm): Changed: 11/20/2013 5:33:14 PM, Old:5, New:10
Em. Slit Width (nm): Changed: 11/20/2013 5:33:14 PM, Old:5, New:10
Ave. time (s): Changed: 11/20/2013 5:33:14 PM, Old:0.10000, New:1.00000
Cell2 Changed: 11/20/2013 5:46:01 PM, Old:ON, New:OFF
Zero Mode Changed: 11/20/2013 5:49:03 PM, Old:OFF, New:Reading
Zero Mode Changed: 11/20/2013 5:49:05 PM, Old:Reading, New:ON
Sample1 Changed: 11/20/2013 5:49:23 PM, Old:Sample1, New:Blank
Stop Time 1 Changed: 11/20/2013 6:03:21 PM, Old: 1.0000, New:100.0000
Sample1 Changed: 11/20/2013 9:19:49 PM, Old:Blank, New:1x TAE
Ave. time (s): Changed: 11/21/2013 12:00:35 PM, Old:1.00000, New:0.10000
Excitation Wavelength Changed: 11/22/2013 11:48:08 AM, Old: 303.00, New: 240.00
Ex. Slit Width (nm): Changed: 11/22/2013 11:48:08 AM, Old:10, New:20
Em. Slit Width (nm): Changed: 11/22/2013 11:48:08 AM, Old:10, New:20
Ave. time (s): Changed: 11/22/2013 11:48:08 AM, Old:0.10000, New:1.00000
Sample1 Changed: 11/22/2013 11:48:33 AM, Old:1x TAE, New:500 nM B3-Amino
Auto Temp Setting Changed: 2/25/2014 7:32:10 PM, Old:OFF, New:ON
Block Temp Changed: 2/25/2014 7:32:10 PM, Old:  20.00, New:  22.00
Block (C): Changed: 2/25/2014 7:32:10 PM, Old:OFF, New:ON
Excitation Wavelength Changed: 2/25/2014 7:32:10 PM, Old: 240.00, New: 524.00
Emission Wavelength Changed: 2/25/2014 7:32:10 PM, Old: 371.00, New: 541.00
Ex. Slit Width (nm): Changed: 2/25/2014 7:32:10 PM, Old:20, New:5
Em. Slit Width (nm): Changed: 2/25/2014 7:32:10 PM, Old:20, New:5
X mode Changed: 2/25/2014 7:32:10 PM, Old:min, New:sec
Stop Time 1 Changed: 2/25/2014 7:32:10 PM, Old:100.0000, New:30000.0000
Sample1 Changed: 2/25/2014 7:33:01 PM, Old:500 nM B3-Amino, New:100nM TET-FQ; Slit:5-5; Voltage: 800V
Cell2 Changed: 2/28/2014 11:07:39 AM, Old:OFF, New:ON
Cell3 Changed: 2/28/2014 11:07:39 AM, Old:OFF, New:ON
Autoconvert Changed: 2/28/2014 11:07:40 AM, Old:None, New:Ascii with Log
Em. Slit Width (nm): Changed: 2/28/2014 11:07:40 AM, Old:5, New:2.5
X mode Changed: 2/28/2014 11:07:40 AM, Old:sec, New:min
Stop Time 1 Changed: 2/28/2014 11:07:40 AM, Old:30000.0000, New:1440.0000
Cell1 Changed: 4/15/2014 11:40:31 AM, Old:ON, New:OFF
Cell2 Changed: 4/15/2014 11:40:31 AM, Old:ON, New:OFF
Block Temp Changed: 4/15/2014 11:40:31 AM, Old:  22.00, New:  25.00
Cell1 Changed: 4/24/2014 11:49:58 AM, Old:OFF, New:ON
Cell2 Changed: 4/24/2014 11:49:58 AM, Old:OFF, New:ON
Current Method Changed: 10/12/2015 1:11:16 AM, Old:C:\Varian\Cary Eclipse WinFLR\DATA\Sudhanshu G\Memoids-8\TET-FQ-25C-200nM.FMKN, New:C:\Varian\Cary Eclipse WinFLR\DATA\Sudhanshu G\Memoids-8\M8-Set1-Apr18\TET-FQ-25C-200nM.FMKN
Cell1 Changed: 10/12/2015 1:12:45 AM, Old:ON, New:OFF
Cell2 Changed: 10/12/2015 1:12:45 AM, Old:ON, New:OFF
Ex. Slit Width (nm): Changed: 10/12/2015 1:13:05 AM, Old:5, New:10
Em. Slit Width (nm): Changed: 10/12/2015 1:13:05 AM, Old:2.5, New:5
Sample3 Changed: 10/13/2015 12:32:51 PM, Old:Sample3, New:RC-B2-B2a-30nM
Sample3 Changed: 10/13/2015 1:11:18 PM, Old:RC-B2-B2a-30nM, New:RC-B2below-30nM
Sample3 Changed: 10/13/2015 1:52:21 PM, Old:RC-B2below-30nM, New:RC4-Anneal-Checks
Sample3 Changed: 10/14/2015 12:22:37 AM, Old:RC4-Anneal-Checks, New:RC4-Find-Culprit
Cell1 Changed: 10/14/2015 12:36:07 AM, Old:OFF, New:ON
Sample1 Changed: 10/14/2015 12:36:38 AM, Old:100nM TET-FQ; Slit:5-5; Voltage: 800V, New:Find-The-Culprit
Sample3 Changed: 10/14/2015 12:36:38 AM, Old:RC4-Find-Culprit, New:RC4-Increasing
Cell3 Changed: 10/14/2015 12:57:28 AM, Old:ON, New:OFF
Cell1 Changed: 10/14/2015 1:02:19 AM, Old:ON, New:OFF
Cell3 Changed: 10/14/2015 1:02:19 AM, Old:OFF, New:ON
Sample3 Changed: 10/14/2015 1:02:46 AM, Old:RC4-Increasing, New:RC5-A1-For-B1
Cell1 Changed: 10/14/2015 1:21:09 AM, Old:OFF, New:ON
Cell3 Changed: 10/14/2015 1:21:09 AM, Old:ON, New:OFF
Sample1 Changed: 10/14/2015 1:21:34 AM, Old:Find-The-Culprit, New:B3-And-A1
Cell3 Changed: 10/14/2015 1:31:02 AM, Old:OFF, New:ON
Cell1 Changed: 10/14/2015 7:19:23 PM, Old:ON, New:OFF
Sample3 Changed: 10/14/2015 7:19:47 PM, Old:RC5-A1-For-B1, New:RC-a-2100pmol-T1
Sample3 Changed: 10/14/2015 7:52:14 PM, Old:RC-a-2100pmol-T1, New:RC-a-2100pmol-pt3x-init-T2
Sample3 Changed: 10/14/2015 8:24:13 PM, Old:RC-a-2100pmol-pt3x-init-T2, New:RC-a-2100pmol-pt3x-init-T2-37C
Block Temp Changed: 10/14/2015 8:24:23 PM, Old:  25.00, New:  37.00
Sample3 Changed: 10/15/2015 12:14:00 PM, Old:RC-a-2100pmol-pt3x-init-T2-37C, New:37C-RCa-30nM
Sample3 Changed: 10/16/2015 5:31:36 PM, Old:37C-RCa-30nM, New:37C-RCa-30nM-TA_F2
Sample3 Changed: 10/19/2015 4:13:28 PM, Old:37C-RCa-30nM-TA_F2, New:37C-RCa-30nM-TA_F1_F2
Sample3 Changed: 10/19/2015 7:16:44 PM, Old:37C-RCa-30nM-TA_F1_F2, New:37C-RCa-30nM-TA_F1_F2-SysA
Sample3 Changed: 10/20/2015 10:05:35 AM, Old:37C-RCa-30nM-TA_F1_F2-SysA, New:37C-RCa-30nM-SysA-TA_F1-1isto2
Sample3 Changed: 10/21/2015 11:25:10 AM, Old:37C-RCa-30nM-SysA-TA_F1-1isto2, New:37C-RC-b-Reason-For-SysA-Leak
Sample3 Changed: 10/21/2015 10:07:21 PM, Old:37C-RC-b-Reason-For-SysA-Leak, New:37C-TA-SysB-Leak-Check
Sample3 Changed: 10/22/2015 9:31:10 PM, Old:37C-TA-SysB-Leak-Check, New:37C-SysB-Leak
Block Temp Changed: 8/8/2016 12:47:19 PM, Old:  37.00, New:  25.00
Sample3 Changed: 8/8/2016 12:56:25 PM, Old:37C-SysB-Leak, New:25C-RC-Test-10nM
Sample3 Changed: 8/8/2016 1:13:42 PM, Old:25C-RC-Test-10nM, New:25C-L8R0
Sample3 Changed: 8/8/2016 2:55:10 PM, Old:25C-L8R0, New:25C-L8R0-RC-withoutH9
Sample3 Changed: 8/8/2016 3:55:10 PM, Old:25C-L8R0-RC-withoutH9, New:25C-L8R0
Sample3 Changed: 8/8/2016 4:23:29 PM, Old:25C-L8R0, New:25C-L7R1
Sample3 Changed: 8/9/2016 1:41:10 PM, Old:25C-L7R1, New:25C-L6R2
Sample3 Changed: 8/9/2016 2:32:15 PM, Old:25C-L6R2, New:25C-L5R3
Sample3 Changed: 8/9/2016 4:03:37 PM, Old:25C-L5R3, New:25C-L7R0
Sample3 Changed: 8/9/2016 4:46:21 PM, Old:25C-L7R0, New:25C-L6R1
Sample3 Changed: 8/9/2016 5:15:44 PM, Old:25C-L6R1, New:25C-L5R2
End Method Modifications

