25C-L8R0-RC-withoutH9,,
Time (min),Intensity (a.u.),
0.008333333768,11.2568903,
0.02500000037,12.60660076,
0.04166666791,11.87255859,
0.05833333358,12.05113506,
0.07500000298,12.37922859,
0.09166666865,12.34441566,
0.1083333343,12.25055504,
0.125,11.86693859,
0.1416666657,12.33095169,
0.1583333313,12.65214729,
0.174999997,12.18573093,
0.1916666627,12.98109913,
0.2083333284,12.093256,
0.224999994,11.85529804,
0.590708375,3.624215841,
0.6073750257,3.466717243,
0.6240416765,3.309756041,
0.6407083273,3.795444489,
0.6573750377,3.541527987,
0.6740416884,3.600183249,
0.6907083392,3.782501459,
0.70737499,3.787239552,
0.7240417004,3.859080076,
0.7407083511,3.818343878,
0.7573750019,3.717011929,
0.7740417123,3.937388659,
0.7907083631,3.393660069,
0.8073750138,3.554928541,
0.8240416646,3.567232132,
0.840708375,3.689135075,
0.8573750257,3.578222275,
0.8740416765,3.584793806,
0.8907083273,3.678383112,
0.9073750377,3.373608351,
0.9240416884,3.319498301,
0.9407083392,3.426419258,
0.95737499,3.620345592,
0.9740417004,3.134365082,
0.9907083511,3.662632227,
1.007375002,3.326467752,
1.024041653,3.61046195,
1.040708303,3.150557518,
1.057375073,3.306766987,
1.074041724,3.606137276,
1.606333256,13.4790678,
1.622999907,13.10502625,
1.639666677,13.14285469,
1.656333327,13.4224472,
1.672999978,13.39149952,
1.689666629,13.81062031,
1.70633328,13.36501694,
1.72299993,13.44297218,
1.739666581,13.85184956,
1.756333232,12.42565536,
1.773000002,13.6414566,
1.789666653,13.63331127,
1.806333303,13.93404293,
1.822999954,12.08654594,
1.839666605,12.86141491,
1.856333256,13.12771893,
1.872999907,12.72679806,
1.889666677,12.2502203,
1.906333327,12.26341343,
1.922999978,12.9268198,
1.939666629,12.59600163,
1.95633328,13.2819891,
2.476500034,15.84290504,
2.493166685,15.81226826,
2.509833336,15.97168446,
2.526499987,15.38848591,
2.543166637,15.1293745,
2.559833288,14.61623192,
2.576499939,15.26882267,
2.59316659,15.10809326,
2.609833241,14.90548134,
2.626499891,14.8989296,
2.643166542,14.6495676,
2.659833193,14.87055492,
2.676499844,14.06754112,
2.693166494,15.18374443,
2.709833384,15.13342381,
2.726500034,14.75862408,
2.743166685,13.95734882,
2.759833336,14.19646072,
2.776499987,14.20594215,
2.793166637,14.1761322,
2.809833288,14.28110313,
2.826499939,12.82884502,
2.84316659,13.61639977,
2.859833241,13.65561867,
2.876499891,13.61428738,
2.893166542,13.88424015,
2.909833193,13.35350227,
2.926499844,13.36347485,
2.943166494,13.90420723,
2.959833384,12.97450733,
2.976500034,13.57682896,
2.993166685,13.54763889,
3.009833336,13.36119556,
3.026499987,13.05281067,
3.043166637,13.94334698,
3.059833288,13.76017189,
3.076499939,13.13638687,
3.09316659,12.66544437,
3.109833241,13.19645405,
3.126499891,12.97591209,
3.143166542,13.6943512,
3.159833193,12.90931416,
3.176499844,13.20155907,
3.193166494,12.78794289,
3.209833384,12.60244083,
3.226500034,12.39936352,
3.243166685,12.56377697,
3.259833336,12.61495495,
3.276499987,12.33920193,
3.293166637,13.29073715,
3.309833288,12.85012531,
3.326499939,12.94274139,
3.34316659,12.87897968,
3.359833241,12.57312393,
3.376499891,12.82551861,
3.393166542,12.53699207,
3.409833193,12.0919981,
3.426499844,13.39633179,
3.443166494,13.02626038,
3.459833384,12.78958035,
3.980541706,138.5953064,
3.997208357,149.7227325,
4.013875008,155.7788239,
4.030541897,163.7584534,
4.047208309,172.6130219,
4.063875198,177.7180786,
4.080541611,184.1286469,
4.0972085,188.4842377,
4.113874912,194.7684631,
4.130541801,201.846405,
4.147208214,205.9704437,
4.163875103,211.2874756,
4.180541515,218.4278717,
4.197208405,219.6220551,
4.213875294,226.4831085,
4.230541706,232.2948151,
4.247208595,234.6571503,
4.263875008,235.1166534,
4.280541897,241.2945709,
4.297208786,242.8128357,
4.313875198,247.4994202,
4.330542088,248.2187805,
4.3472085,255.3928833,
4.363875389,256.6768494,
4.380541801,256.2249756,
4.397208691,259.1254883,
4.413875103,261.0493469,
4.430541992,265.4156799,
4.447208881,269.0087891,
4.463875294,268.4701233,
4.480542183,269.4983215,
4.497208595,271.1483459,
4.513875484,275.0920105,
4.530541897,275.1939392,
4.547208786,278.1781921,
4.563875198,272.8458252,
4.580542088,279.3952637,
4.5972085,282.1900024,
4.613875389,282.2326965,
4.630541801,285.1508179,
4.647208691,291.0665894,
4.663875103,285.0369568,
4.680541992,289.6424561,
4.697208881,287.9795532,
4.713875294,285.1572266,
4.730542183,289.9117126,
4.747208595,292.6622314,
4.763875484,291.7268982,
4.780541897,295.9280701,
4.797208786,295.4073181,
4.813875198,294.9585571,
4.830542088,293.6173401,
4.8472085,294.1642761,
4.863875389,297.2223206,
4.880541801,295.2254333,
4.897208691,297.6145325,
4.913875103,295.646759,
4.930541992,299.8061523,
4.947208881,296.5742188,
4.963875294,299.9294128,
4.980542183,302.2138062,
4.997208595,300.9223328,
5.013875484,302.4527283,
5.030541897,299.2901306,
5.047208786,302.8500061,
5.063875198,303.1557922,
5.080542088,304.4089661,
5.0972085,299.07724,
5.113875389,298.5862427,
5.130541801,303.2604065,
5.147208691,305.7939148,
5.163875103,304.7120361,
5.180541992,305.8807068,
5.197208881,304.2920227,
5.213875294,305.2619019,
5.230542183,304.6272888,
5.247208595,304.5962524,
5.263875484,306.1720581,
5.280541897,305.1983948,
5.297208786,303.8977356,
5.313875198,306.1493225,
5.330542088,307.2647095,
5.3472085,305.6735229,
5.363875389,307.0319214,
5.380541801,303.0280762,
5.397208691,308.7680664,
5.413875103,309.5058289,
5.430541992,312.7728882,
5.447208881,312.460022,
5.463875294,308.9518433,
5.480542183,304.2730408,
5.497208595,307.1470032,
5.513875484,308.4400024,
5.530541897,306.7245789,
5.547208786,308.8783569,
5.563875198,308.2832642,
5.580542088,308.2298584,
5.5972085,309.8483887,
5.613875389,307.2165833,
5.630541801,308.7998047,
5.647208691,309.5402222,
5.663875103,308.0224304,
5.680541992,307.6373901,
5.697208881,307.7374573,
5.713875294,310.7505188,
5.730542183,308.158905,
5.747208595,309.3807678,
5.763875484,305.9851379,
5.780541897,310.8869324,
5.797208786,310.8414307,
5.813875198,306.438446,
5.830542088,307.610199,
5.8472085,310.2250061,
5.863875389,307.0040283,
5.880541801,310.6648865,
5.897208691,310.5349426,
5.913875103,307.5729065,
5.930541992,308.8409119,
5.947208881,309.8359985,
5.963875294,309.9389343,
5.980542183,309.4700623,
5.997208595,312.3979187,
6.013875484,308.0609741,
6.030541897,308.5683594,
6.047208786,309.1506042,
6.063875198,310.9474487,
6.080542088,309.1925049,
6.0972085,310.4631348,
6.113875389,312.2373047,
6.130541801,309.4981689,
6.147208691,311.0983582,
6.163875103,304.286438,
6.180541992,306.5013123,
6.197208881,309.3143616,
6.213875294,306.7022705,
6.230542183,311.430481,
6.247208595,307.9135742,
6.263875484,308.3867188,
6.280541897,309.5469666,
6.297208786,307.6639099,
6.313875198,308.1112976,
6.330542088,307.5278625,
6.3472085,313.3447876,
6.363875389,308.9862061,
6.380541801,312.2486572,
6.397208691,306.0330505,
6.413875103,310.6524658,
6.430541992,314.5486145,
6.447208881,311.8746033,
6.463875294,310.575592,
6.480542183,307.914032,
6.497208595,308.0239563,
6.513875484,313.3681946,
6.530541897,309.5280151,
6.547208786,315.0037842,
6.563875198,310.678833,
6.580542088,313.8669434,
6.5972085,309.4717712,
6.613875389,312.4447937,
6.630541801,312.2261047,
6.647208691,307.4697571,
6.663875103,309.6072083,
6.680541992,307.9870911,
6.697208881,313.7904663,
6.713875294,311.6490173,
6.730542183,313.092041,
6.747208595,309.5372314,
6.763875484,312.5305176,
6.780541897,308.1165161,
6.797208786,313.8181152,
6.813875198,311.867981,
6.830542088,309.0577393,
6.8472085,313.296875,
6.863875389,312.9215088,
6.880541801,312.2507019,
6.897208691,308.5317688,
6.913875103,312.9116516,
6.930541992,310.0162354,
6.947208881,312.46875,
6.963875294,313.2518311,
6.980542183,313.6927795,
6.997208595,310.8468018,
7.013875484,312.1105042,
7.030541897,309.0592041,
7.047208786,310.7752991,
7.063875198,314.5444641,
7.080542088,312.5097656,
7.0972085,311.5735168,
7.113875389,314.5834961,
7.130541801,313.3564453,
7.147208691,306.2472534,
7.163875103,311.3542175,
7.180541992,310.0210266,
7.197208881,309.2543335,
7.213875294,315.625824,
7.230542183,310.1538086,
7.247208595,311.0439453,
7.263875484,313.0751343,
7.280541897,311.6253052,
7.297208786,310.7355957,
7.313875198,314.4519958,
7.330542088,314.1280823,
7.3472085,308.547699,
7.363875389,312.7669067,
7.380541801,314.2760925,
7.397208691,311.7181091,
7.413875103,314.0198364,
7.430541992,312.7763977,
7.447208881,315.7954712,
7.463875294,313.8424377,
7.480542183,311.2359619,
7.497208595,311.1079712,
7.513875484,310.5098267,
7.530541897,315.2895203,
7.547208786,308.9916687,
7.563875198,312.6966248,
7.580542088,309.8398132,
7.5972085,311.5168152,
7.613875389,310.390564,
7.630541801,313.2887573,
7.647208691,312.783844,
7.663875103,313.9945374,
7.680541992,310.9899597,
7.697208881,311.0689392,
7.713875294,310.5522156,
7.730542183,314.7601318,
7.747208595,311.455658,
7.763875484,312.4259644,
7.780541897,313.2603149,
7.797208786,311.194458,
7.813875198,312.2835083,
7.830542088,308.0614929,
7.8472085,310.8738708,
7.863875389,314.4286499,
7.880541801,309.8269958,
7.897208691,314.5335693,
7.913875103,310.1812134,
7.930541992,309.3458557,
7.947208881,312.2139282,
7.963875294,309.1914673,
7.980542183,312.9777222,
7.997208595,314.4940796,
8.013875008,314.1450195,
8.030542374,313.3281555,
8.047208786,311.359375,
8.063875198,313.5040894,
8.080541611,311.1499634,
8.097208977,317.3417969,
8.113875389,313.2936096,
8.130541801,309.6607971,
8.147208214,314.7590027,
8.16387558,313.2598877,
8.180541992,313.053009,
8.197208405,313.5967407,
8.213875771,315.7618408,
8.230542183,311.8470764,
8.247208595,310.7059631,
8.263875008,313.2033691,
8.280542374,312.0918884,
8.297208786,311.5202332,
8.313875198,314.2978516,
8.330541611,308.0463562,
8.347208977,313.7038269,
8.363875389,312.2026672,
8.380541801,311.6091919,
8.397208214,311.8388367,
8.41387558,314.2535706,
8.430541992,314.1535034,
8.447208405,313.1212463,
8.463875771,309.3896484,
8.480542183,311.2806091,
8.497208595,312.0092163,
8.513875008,312.8612366,
8.530542374,314.7830505,
8.547208786,316.4949341,
8.563875198,311.528717,
8.580541611,316.5425415,
8.597208977,312.681427,
8.613875389,311.3076172,
8.630541801,315.895752,
8.647208214,312.6263428,
8.66387558,313.607605,
8.680541992,316.0097961,
8.697208405,316.2676697,
8.713875771,311.8201904,
8.730542183,311.5322571,
8.747208595,313.1712952,
8.763875008,314.6524048,
8.780542374,310.9556885,
8.797208786,314.9773865,
8.813875198,313.0877991,
8.830541611,315.3816528,
8.847208977,311.039978,
8.863875389,316.0562134,
8.880541801,311.3504944,
8.897208214,314.4076843,
8.91387558,314.2580872,
8.930541992,311.4930725,
8.947208405,309.4176331,
8.963875771,312.7213135,
8.980542183,311.8866577,
8.997208595,311.1156311,
9.013875008,315.7058411,
9.030542374,313.8373108,
9.047208786,310.7670593,
9.063875198,314.2489014,
9.080541611,316.3139038,
9.097208977,314.0699463,
9.113875389,311.7214966,
9.130541801,313.030304,
9.147208214,311.4767456,
9.16387558,314.9457092,
9.180541992,311.5991821,
9.197208405,309.2789612,
9.213875771,310.9675598,
9.230542183,311.7287292,
9.247208595,317.1109924,
9.263875008,309.6186218,
9.280542374,314.1176758,
9.297208786,316.386261,
9.313875198,313.155426,
9.330541611,312.5694885,
9.347208977,315.1116028,
9.363875389,311.4615479,
9.380541801,312.053009,
9.397208214,312.7642517,
9.41387558,312.6845093,
9.430541992,313.0632019,
9.447208405,312.1502686,
9.463875771,311.9789124,
9.480542183,315.1124878,
9.497208595,312.223877,
9.513875008,316.831604,
9.530542374,313.6930237,
9.547208786,318.7342529,
9.563875198,314.0519409,
9.580541611,316.8874817,
9.597208977,315.5771179,
9.613875389,315.7635803,
9.630541801,313.670105,
9.647208214,311.3123474,
9.66387558,313.2715149,
9.680541992,316.2546387,
9.697208405,313.3793945,
9.713875771,310.9285889,
9.730542183,313.8978271,
9.747208595,314.8173523,
9.763875008,315.9281006,
9.780542374,311.7084351,
9.797208786,315.6289368,
9.813875198,316.5783386,
9.830541611,315.3522949,
9.847208977,314.7883606,
9.863875389,311.9726257,
9.880541801,315.0007935,
9.897208214,312.8736267,
9.91387558,315.2359009,
9.930541992,311.8813782,
9.947208405,312.5604248,
9.963875771,313.2626038,
9.980542183,314.8998413,
9.997208595,310.6659241,
10.01387501,317.8508911,
10.03054237,318.3360901,
10.04720879,310.9544983,
10.0638752,317.1463623,
10.08054161,315.2966003,
10.09720898,313.411438,
10.11387539,316.0379944,
10.1305418,314.0510559,
10.14720821,316.9565735,
10.16387558,315.8190308,
10.18054199,314.6851807,
10.1972084,312.9212952,
10.21387577,311.1939087,
10.23054218,315.3669128,
10.2472086,313.7708435,
10.26387501,314.1088867,
10.28054237,313.6308899,
10.29720879,317.9033813,
10.3138752,313.6430359,
10.33054161,315.693634,
10.34720898,314.987854,
10.36387539,314.8994751,
10.3805418,314.5352478,
10.39720821,312.7574463,
10.41387558,319.1654663,
10.43054199,316.7672729,
10.4472084,316.2298279,
10.46387577,314.6695862,
10.48054218,310.3103027,
10.4972086,313.7670593,
10.51387501,315.6521912,
10.53054237,318.3067932,
10.54720879,314.8913879,
10.5638752,312.957489,
10.58054161,318.9294128,
10.59720898,313.7284546,
10.61387539,318.6008606,
10.6305418,311.8588867,
10.64720821,317.9608459,
10.66387558,316.0281982,
10.68054199,315.3127747,
10.6972084,315.946991,
10.71387577,312.4988403,
10.73054218,312.1862488,
10.7472086,314.615509,
10.76387501,318.851532,
10.78054237,314.242981,
10.79720879,312.2129211,
10.8138752,315.4172363,
10.83054161,318.882019,
10.84720898,315.8231506,
10.86387539,313.9578857,
10.8805418,316.1471252,
10.89720821,315.8033447,
10.91387558,312.7806702,
10.93054199,315.9680176,
10.9472084,313.6768188,
10.96387577,314.2233887,
10.98054218,314.4064331,
10.9972086,316.7369995,
11.01387501,315.2463684,
11.03054237,315.5634766,
11.04720879,315.2780457,
11.0638752,314.2136536,
11.08054161,316.2037354,
11.09720898,314.8782349,
11.11387539,311.7225037,
11.1305418,313.782196,
11.14720821,320.9699707,
11.16387558,316.2128601,
11.18054199,314.8877869,
11.1972084,315.7018738,
11.21387577,316.8363037,
11.23054218,314.1276245,
11.2472086,312.0794678,
11.26387501,322.1226807,
11.28054237,315.697998,
11.29720879,315.5379639,
11.3138752,315.308136,
11.33054161,313.9772339,
11.34720898,318.221405,
11.36387539,314.0414429,
11.3805418,315.7009888,
11.39720821,319.0507507,
11.41387558,313.8458252,
11.43054199,313.8020935,
11.4472084,315.2003479,
11.46387577,318.1896973,
11.48054218,315.2380066,
11.4972086,313.8430786,
11.51387501,318.2862549,
11.53054237,314.5202942,
11.54720879,317.563385,
11.5638752,316.1527405,
11.58054161,317.3411865,
11.59720898,314.5725708,
11.61387539,314.374176,
11.6305418,314.9645691,
11.64720821,314.7189026,
11.66387558,317.0404358,
11.68054199,315.5578613,
11.6972084,315.6455383,
11.71387577,315.1511536,
11.73054218,315.894928,
11.7472086,315.9746399,
11.76387501,315.168335,
11.78054237,317.6655579,
11.79720879,316.2243347,
11.8138752,314.5415039,
11.83054161,314.039856,
11.84720898,316.6703491,
11.86387539,314.9423218,
11.8805418,314.9473572,
11.89720821,313.5202942,
11.91387558,315.1702576,
11.93054199,316.9616089,
11.9472084,314.4389343,
11.96387577,317.2902222,
11.98054218,313.403717,
11.9972086,315.4291687,
12.01387501,316.4413757,
12.03054237,315.456543,
12.04720879,312.400177,
12.0638752,316.1474609,
12.08054161,316.8296509,
12.09720898,316.2887268,
12.11387539,313.3923035,
12.1305418,315.2416077,
12.14720821,319.7200012,
12.16387558,315.5197754,
12.18054199,315.6762695,
12.1972084,314.0891418,
12.21387577,313.0123291,
12.23054218,315.2667847,
12.2472086,313.7772217,
12.26387501,312.6096802,
12.28054237,317.8342285,
12.29720879,317.5063171,
12.3138752,314.4324036,
12.33054161,316.1775513,
12.34720898,315.0978394,
12.36387539,316.6157227,
12.3805418,315.0060425,
12.39720821,317.5174561,
12.41387558,316.8839111,
12.43054199,314.9650879,
12.4472084,315.0603333,
12.46387577,317.3754272,
12.48054218,317.1161499,
12.4972086,316.7964783,
12.51387501,315.3119812,
12.53054237,316.5388489,
12.54720879,314.0645447,
12.5638752,313.1999512,
12.58054161,315.9016113,
12.59720898,314.2328796,
12.61387539,320.0678711,
12.6305418,314.5786133,
12.64720821,319.4082031,
12.66387558,318.6050415,
12.68054199,319.8084106,
12.6972084,314.780365,
12.71387577,316.0508728,
12.73054218,315.2533569,
12.7472086,316.7988586,
12.76387501,318.3110352,
12.78054237,313.4043884,
12.79720879,312.3344116,
12.8138752,312.0724182,
12.83054161,318.0761414,
12.84720898,314.7891846,
12.86387539,315.6080017,
12.8805418,318.8875427,
12.89720821,315.6770935,
12.91387558,318.6515198,
12.93054199,312.9391785,
12.9472084,314.8414917,
12.96387577,315.5046692,
12.98054218,312.003479,
12.9972086,314.6994324,
13.01387501,314.522522,
13.03054237,317.6257629,
13.04720879,314.6311035,
13.0638752,313.3780212,
13.08054161,313.8864441,
13.09720898,316.7908325,
13.11387539,318.0932922,
13.1305418,316.6670532,
13.14720821,318.2890625,
13.16387558,312.3796082,
13.18054199,314.0746765,
13.1972084,317.2285156,
13.21387577,318.5363464,
13.23054218,317.9255676,
13.2472086,318.1246643,
13.26387501,319.1136169,
13.28054237,316.4016113,
13.29720879,315.184967,
13.3138752,314.0858154,
13.33054161,319.5090027,
13.34720898,315.9595642,
13.36387539,316.0254211,
13.3805418,312.8759155,
13.39720821,315.4120178,
13.41387558,315.971344,
13.43054199,315.6131897,
13.4472084,317.1603394,
13.46387577,314.5047913,
13.48054218,315.4953918,
13.4972086,316.2090149,
13.51387501,313.6480713,
13.53054237,311.0457153,
13.54720879,315.8519592,
13.5638752,315.6528625,
13.58054161,320.7243042,
13.59720898,312.8258057,
13.61387539,315.7678528,
13.6305418,315.7097168,
13.64720821,314.964447,
13.66387558,314.8052673,
13.68054199,315.1457825,
13.6972084,317.8668518,
13.71387577,314.5444641,
13.73054218,316.688446,
13.7472086,315.8849182,
13.76387501,317.5195923,
13.78054237,317.4135437,
13.79720879,318.7610474,
13.8138752,315.2821655,
13.83054161,316.0559387,
13.84720898,317.7344666,
13.86387539,315.3632202,
13.8805418,317.8128967,
13.89720821,320.3151855,
13.91387558,317.8754272,
13.93054199,319.3305359,
13.9472084,316.9417419,
13.96387577,316.0438843,
13.98054218,315.5901184,
13.9972086,311.6719055,
14.01387501,314.8587952,
14.03054237,318.1190186,
14.04720879,318.5391235,
14.0638752,316.0630188,
14.08054161,315.237793,
14.09720898,316.9657593,
14.11387539,316.0444641,
14.1305418,316.5700378,
14.14720821,316.0078735,
14.16387558,314.5780945,
14.18054199,317.2155151,
14.1972084,319.4094238,
14.21387577,318.3483887,
14.23054218,314.0309143,
14.2472086,308.5713501,
14.26387501,313.8951416,
14.28054237,317.8964844,
14.29720879,319.3163757,
14.3138752,318.3175659,
14.33054161,317.6842957,
14.34720898,315.0250549,
14.36387539,314.288208,
14.3805418,316.2921753,
14.39720821,315.2623596,
14.41387558,313.6472778,
14.43054199,321.7289734,
14.4472084,311.9941711,
14.46387577,316.1370239,
14.48054218,319.3497009,
14.4972086,313.7289734,
14.51387501,318.244751,
14.53054237,316.9281006,
14.54720879,316.0106506,
14.5638752,317.4117737,
14.58054161,316.5894775,
14.59720898,314.8074646,
14.61387539,314.8371582,
14.6305418,314.9201965,
14.64720821,317.3251038,
14.66387558,318.3088074,
14.68054199,315.0088196,
14.6972084,312.4345398,
14.71387577,316.4309387,
14.73054218,316.0991821,
14.7472086,315.7640076,
14.76387501,315.1845093,
14.78054237,314.2302551,
14.79720879,314.90448,
14.8138752,315.0269775,
14.83054161,315.1873169,
14.84720898,318.1519775,
14.86387539,318.328949,
14.8805418,318.0643005,
14.89720821,316.8080139,
14.91387558,317.7958374,
14.93054199,318.703125,
14.9472084,317.757782,
14.96387577,315.042572,
14.98054218,314.7163696,
14.9972086,315.5798645,
15.01387501,314.4259033,
15.03054237,315.155365,
15.04720879,315.1496887,
15.0638752,319.29599,
15.08054161,316.6090393,
15.09720898,316.6703796,
15.11387539,317.7206726,
15.1305418,319.2991943,
15.14720821,315.2145386,
15.16387558,312.3938293,
15.18054199,313.1457214,
15.1972084,319.9022827,
15.21387577,315.6177368,
15.23054218,313.7944641,
15.2472086,318.3522949,
15.26387501,317.2756042,
15.28054237,316.6367798,
15.29720879,318.4838562,
15.3138752,317.4883728,
15.33054161,312.8527222,
15.34720898,318.5324707,
15.36387539,318.8756104,
15.3805418,317.8964844,
15.39720821,315.0509949,
15.41387558,311.888916,
15.43054199,318.6708984,
15.4472084,315.8600159,
15.46387577,321.5037537,
15.48054218,314.3480225,
15.4972086,313.9437866,
15.51387501,315.3409424,
15.53054237,317.8314514,
15.54720879,315.6378784,
15.5638752,317.926239,
15.58054161,314.1934204,
15.59720898,316.1483154,
15.61387539,317.6820068,
15.6305418,316.5793457,
15.64720821,316.3735962,
15.66387558,315.0198669,
15.68054199,313.9017029,
15.6972084,315.8081665,
15.71387577,316.8250122,
15.73054218,316.5143433,
15.7472086,315.6101074,
15.76387501,315.1065063,
15.78054237,314.0557251,
15.79720879,317.655304,
15.8138752,312.5878296,
15.83054161,313.677887,
15.84720898,313.9632568,
15.86387539,317.3493652,
15.8805418,316.6044006,
15.89720821,317.1445313,
15.91387558,315.9093933,
15.93054199,316.0314636,
15.9472084,316.3457031,
15.96387577,316.5198059,
15.98054218,316.6252441,
15.9972086,315.5642395,
16.01387596,315.970459,
16.03054237,315.4995422,
16.04720879,317.923645,
16.0638752,318.3181763,
16.08054161,319.711853,
16.09720802,315.1285706,
16.11387444,317.7869263,
16.13054276,316.1192017,
16.14720917,315.5675659,
16.16387558,315.3015442,
16.18054199,312.7762756,
16.1972084,315.9311218,
16.21387482,316.6947937,
16.23054123,321.8910522,
16.24720955,315.8251648,
16.26387596,313.7832031,
16.28054237,317.9537659,
16.29720879,314.6504517,
16.3138752,316.4199829,
16.33054161,317.9204712,
16.34720802,313.2346191,
16.36387444,315.3330994,
16.38054276,315.9346313,
16.39720917,320.12854,
16.41387558,314.9928894,
16.43054199,313.2412415,
16.4472084,313.9364014,
16.46387482,313.7647705,
16.48054123,316.0259705,
16.49720955,319.4457397,
16.51387596,317.0750732,
16.53054237,321.7612305,
16.54720879,315.6824646,
16.5638752,318.5926514,
16.58054161,318.8981628,
16.59720802,317.6504822,
16.61387444,312.4090881,
16.63054276,315.938446,
16.64720917,319.3975525,
16.66387558,319.8702087,
16.68054199,316.4253235,
16.6972084,317.9456787,
16.71387482,319.8716125,
16.73054123,317.2100525,
16.74720955,314.322876,
16.76387596,317.3119507,
16.78054237,314.0844727,
16.79720879,314.9724121,
16.8138752,314.7364807,
16.83054161,313.7049866,
16.84720802,314.706604,
16.86387444,317.5818481,
16.88054276,313.5979004,
16.89720917,313.8545227,
16.91387558,315.4881897,
16.93054199,316.0943909,
16.9472084,317.0391541,
16.96387482,319.2798462,
16.98054123,315.4294434,
16.99720955,314.5570679,
17.01387596,317.280426,
17.03054237,316.3544617,
17.04720879,316.901825,
17.0638752,317.4563904,
17.08054161,315.3965759,
17.09720802,313.6087646,
17.11387444,315.5637512,
17.13054276,313.37146,
17.14720917,313.1212769,
17.16387558,315.4676208,
17.18054199,315.2875061,
17.1972084,313.8155212,
17.21387482,317.8556213,
17.23054123,315.874939,
17.24720955,314.9866638,
17.26387596,315.8400269,
17.28054237,316.1586304,
17.29720879,315.1734924,
17.3138752,317.0220337,
17.33054161,315.446991,
17.34720802,316.5031433,
17.36387444,315.7388611,
17.38054276,318.138092,
17.39720917,316.9209595,
17.41387558,316.3505859,
17.43054199,314.6677551,
17.4472084,316.9361877,
17.46387482,314.0339661,
17.48054123,314.9486084,
17.49720955,318.8615417,
17.51387596,317.5448914,
17.53054237,318.5234985,
17.54720879,313.1670227,
17.5638752,313.6725464,
17.58054161,317.6036682,
17.59720802,316.2965088,
17.61387444,314.2918396,
17.63054276,316.8886414,
17.64720917,316.0783081,
17.66387558,320.7346191,
17.68054199,317.4824524,
17.6972084,317.3691406,
17.71387482,316.1969299,
17.73054123,315.276825,
17.74720955,316.0432739,
17.76387596,316.0376892,
17.78054237,317.2380371,
17.79720879,312.2765503,
17.8138752,315.8625793,
17.83054161,320.8877258,
17.84720802,317.6311035,
17.86387444,311.44104,
17.88054276,315.8427429,
17.89720917,316.8700562,
17.91387558,317.9197998,
17.93054199,314.9903564,
17.9472084,317.8346863,
17.96387482,313.7089233,
17.98054123,312.6997986,
17.99720955,315.0204163,
18.01387596,320.1764526,
18.03054237,317.557251,
18.04720879,318.0257568,
18.0638752,317.1644592,
18.08054161,315.6462097,
18.09720802,318.0684814,
18.11387444,317.4428406,
18.13054276,314.7671509,
18.14720917,314.5871277,
18.16387558,313.8526001,
18.18054199,312.769043,
18.1972084,319.4607849,
18.21387482,313.3886414,
18.23054123,315.3749695,
18.24720955,316.5806885,
18.26387596,313.8404236,
18.28054237,316.9117737,
18.29720879,319.2009888,
18.3138752,313.8153992,
18.33054161,318.3588867,
18.34720802,314.3127136,
18.36387444,317.6598511,
18.38054276,319.8036499,
18.39720917,315.9863281,
18.41387558,318.0349731,
18.43054199,318.1158752,
18.4472084,316.2346191,
18.46387482,315.7610168,
18.48054123,316.4602051,
18.49720955,317.215332,
18.51387596,318.1838684,
18.53054237,315.3290405,
18.54720879,313.4649048,
18.5638752,313.6956177,
18.58054161,317.9135742,
18.59720802,317.5143738,
18.61387444,316.0883179,
18.63054276,318.3252563,
18.64720917,315.1046143,
18.66387558,315.6026306,
18.68054199,315.8749084,
18.6972084,316.6837769,
18.71387482,320.6864929,
18.73054123,315.920929,
18.74720955,316.8450928,
18.76387596,320.0430298,
18.78054237,314.7131653,
18.79720879,320.3804321,
18.8138752,317.2795105,
18.83054161,313.6486206,
18.84720802,318.1787109,
18.86387444,317.3968506,
18.88054276,318.29422,
18.89720917,315.5368958,
18.91387558,317.8654175,
18.93054199,316.4746399,
18.9472084,314.8009644,
18.96387482,318.7827454,
18.98054123,316.9366455,
18.99720955,318.0285034,
19.01387596,318.0295715,
19.03054237,318.0306091,
19.04720879,313.8243103,
19.0638752,319.9367676,
19.08054161,314.6114502,
19.09720802,317.322998,
19.11387444,315.2275085,
19.13054276,319.103363,
19.14720917,315.3645935,
19.16387558,313.0408936,
19.18054199,314.117981,
19.1972084,316.7623291,
19.21387482,316.3865967,
19.23054123,316.632782,
19.24720955,315.7962036,
19.26387596,314.1176758,
19.28054237,314.6119385,
19.29720879,318.1756592,
19.3138752,318.0383301,
19.33054161,314.8214417,
19.34720802,316.6902771,
19.36387444,317.1101685,
19.38054276,317.7258911,
19.39720917,318.9502258,
19.41387558,313.5511169,
19.43054199,319.0817566,
19.4472084,315.1661987,
19.46387482,317.7293091,
19.48054123,316.3497009,
19.49720955,315.6664734,
19.51387596,315.480011,
19.53054237,317.5276489,
19.54720879,316.2640381,
19.5638752,317.876709,
19.58054161,320.8548279,
19.59720802,322.035614,
19.61387444,317.4969482,
19.63054276,316.7019043,
19.64720917,315.8034058,
19.66387558,314.1621094,
19.68054199,315.4590759,
19.6972084,318.8794861,
19.71387482,317.5990601,
19.73054123,317.2190857,
19.74720955,316.3355408,
19.76387596,316.5872498,
19.78054237,318.210907,
19.79720879,317.0556641,
19.8138752,314.332428,
19.83054161,318.2063293,
19.84720802,317.5930481,
19.86387444,317.6859436,
19.88054276,321.5247192,
19.89720917,319.0592957,
19.91387558,320.5500488,
19.93054199,319.1909485,
19.9472084,314.7807007,
19.96387482,317.6468811,
19.98054123,319.4682922,
19.99720955,315.8350525,
20.01387596,316.430481,
20.03054237,319.1223755,
20.04720879,316.3295288,
20.0638752,315.5884399,
20.08054161,315.0181885,
20.09720802,316.2727966,
20.11387444,317.0666199,
20.13054276,318.0437317,
20.14720917,316.4148865,
20.16387558,317.0423889,
20.18054199,316.7112732,
20.1972084,316.6905518,
20.21387482,316.0128174,
20.23054123,321.1725769,
20.24720955,312.5477905,
20.26387596,315.8184814,
20.28054237,319.3805542,
20.29720879,318.9238281,
20.3138752,314.5174255,
20.33054161,316.7103577,
20.34720802,317.9549866,
20.36387444,313.6783142,
20.38054276,317.4359741,
20.39720917,315.7336121,
20.41387558,318.0469971,
20.43054199,318.8249512,
20.4472084,316.8309937,
20.46387482,315.5593262,
20.48054123,317.943573,
20.49720955,318.3859863,
20.51387596,316.5035095,
20.53054237,316.386322,
20.54720879,318.27948,
20.5638752,317.8692627,
20.58054161,317.6111755,
20.59720802,314.0913696,
20.61387444,316.5307007,
20.63054276,317.6345215,
20.64720917,318.4592285,
20.66387558,316.6819763,
20.68054199,316.4503174,
20.6972084,315.5388489,
20.71387482,314.5010986,
20.73054123,316.321106,
20.74720955,319.2416687,
20.76387596,314.8494263,
20.78054237,316.2163696,
20.79720879,318.3816223,
20.8138752,316.5390625,
20.83054161,322.3675537,
20.84720802,317.4866028,
20.86387444,314.9220581,
20.88054276,319.631073,
20.89720917,316.01297,
20.91387558,316.0549316,
20.93054199,316.4477234,
20.9472084,318.7617188,
20.96387482,315.5289001,
20.98054123,317.8708801,
20.99720955,313.1048279,
21.01387596,319.9276123,
21.03054237,318.1602173,
21.04720879,315.5246277,
21.0638752,317.7579956,
21.08054161,315.9308167,
21.09720802,317.0144653,
21.11387444,316.9788513,
21.13054276,320.030426,
21.14720917,321.2379761,
21.16387558,319.4505615,
21.18054199,314.6813965,
21.1972084,314.0439453,
21.21387482,315.8173828,
21.23054123,319.4783936,
21.24720955,317.8901367,
21.26387596,313.1882629,
21.28054237,316.1049805,
21.29720879,318.4326172,
21.3138752,318.4772034,
21.33054161,316.6638489,
21.34720802,318.5722351,
21.36387444,312.7562256,
21.38054276,318.3143616,
21.39720917,318.1546936,
21.41387558,316.6018372,
21.43054199,313.4566345,
21.4472084,313.5003967,
21.46387482,317.4273682,
21.48054123,312.9472656,
21.49720955,318.0885315,
21.51387596,316.3981934,
21.53054237,317.9369507,
21.54720879,316.469696,
21.5638752,316.0883484,
21.58054161,316.6980286,
21.59720802,315.1221924,
21.61387444,317.2498169,
21.63054276,318.6184998,
21.64720917,317.4590149,
21.66387558,319.5653381,
21.68054199,316.9349976,
21.6972084,315.7512207,
21.71387482,317.2841492,
21.73054123,314.367218,
21.74720955,313.9821167,
21.76387596,320.1723328,
21.78054237,316.8215332,
21.79720879,319.1699829,
21.8138752,314.9675293,
21.83054161,312.0027161,
21.84720802,320.5702209,
21.86387444,314.8153992,
21.88054276,318.9754944,
21.89720917,313.4351807,
21.91387558,314.3040466,
21.93054199,310.3996887,
21.9472084,311.7302551,
21.96387482,316.9879761,
21.98054123,317.9809875,
21.99720955,317.103302,
22.01387596,317.3196411,
22.03054237,317.3734741,
22.04720879,319.1652222,
22.0638752,316.9928284,
22.08054161,316.4547729,
22.09720802,314.9927063,
22.11387444,320.1164246,
22.13054276,318.177063,
22.14720917,315.9467163,
22.16387558,315.444458,
22.18054199,314.2179565,
22.1972084,317.1869812,
22.21387482,314.1341248,
22.23054123,313.0447693,
22.24720955,316.7926941,
22.26387596,316.4478149,
22.28054237,313.8742065,
22.29720879,315.739624,
22.3138752,318.711792,
22.33054161,318.4679871,
22.34720802,316.7697449,
22.36387444,314.3789368,
22.38054276,320.1134949,
22.39720917,316.3956604,
22.41387558,317.0388794,
22.43054199,319.9052124,
22.4472084,319.6082764,
22.46387482,313.6427612,
22.48054123,317.4242554,
22.49720955,318.1871948,
22.51387596,316.2032471,
22.53054237,317.5964355,
22.54720879,315.376709,
22.5638752,316.9210815,
22.58054161,312.0736084,
22.59720802,313.51297,
22.61387444,315.5074158,
22.63054276,317.414093,
22.64720917,312.6573181,
22.66387558,315.8000488,
22.68054199,317.6950378,
22.6972084,316.4254456,
22.71387482,314.0377197,
22.73054123,317.5525818,
22.74720955,318.0496826,
22.76387596,314.6481323,
22.78054237,315.8318481,
22.79720879,318.4417725,
22.8138752,312.1356812,
22.83054161,318.8871765,
22.84720802,315.6132813,
22.86387444,320.3777161,
22.88054276,314.0968628,
22.89720917,315.8371582,
22.91387558,315.2008667,
22.93054199,320.6340027,
22.9472084,316.7157898,
22.96387482,317.9544678,
22.98054123,315.859436,
22.99720955,316.9759216,
23.01387596,320.4702454,
23.03054237,315.3131104,
23.04720879,316.8636475,
23.0638752,318.2885742,
23.08054161,319.307312,
23.09720802,318.5845032,
23.11387444,319.3843689,
23.13054276,315.8087463,
23.14720917,312.7528076,
23.16387558,317.8936157,
23.18054199,315.9948425,
23.1972084,316.6081848,
23.21387482,318.0849609,
23.23054123,317.1740417,
23.24720955,318.0801392,
23.26387596,316.7379456,
23.28054237,317.8583679,
23.29720879,317.6318665,
23.3138752,314.4884644,
23.33054161,316.6264648,
23.34720802,316.1755981,
23.36387444,317.2251587,
23.38054276,321.0257874,
23.39720917,318.0662231,
23.41387558,315.7047424,
23.43054199,318.309845,
23.4472084,316.5994263,
23.46387482,316.702301,
23.48054123,311.9810791,
23.49720955,317.7381897,
23.51387596,316.5835571,
23.53054237,315.7253418,
23.54720879,316.6180115,
23.5638752,317.5622559,
23.58054161,319.8750916,
23.59720802,318.1529541,
23.61387444,313.3361206,
23.63054276,315.2886353,
23.64720917,311.7958679,
23.66387558,316.9745789,
23.68054199,315.1756592,
23.6972084,317.0140991,
23.71387482,319.0443726,
23.73054123,314.2426758,
23.74720955,316.7324829,
23.76387596,315.2137756,
23.78054237,321.9788513,
23.79720879,313.6345215,
23.8138752,318.7836609,
23.83054161,315.5852356,
23.84720802,318.4450073,
23.86387444,322.745636,
23.88054276,312.8123474,
23.89720917,316.365448,
23.91387558,317.3693542,
23.93054199,315.7052612,
23.9472084,314.9439087,
23.96387482,316.669342,
23.98054123,312.5471191,
23.99720955,319.2997131,
24.01387596,316.1896973,
24.03054237,318.4816284,
24.04720879,316.4605103,
24.0638752,315.3309326,
24.08054161,315.6014709,
24.09720802,317.0542908,
24.11387444,317.6951599,
24.13054276,318.8076477,
24.14720917,315.7760925,
24.16387558,316.8681335,
24.18054199,316.913269,
24.1972084,316.6095581,
24.21387482,314.3132019,
24.23054123,319.4143372,
24.24720955,314.0440979,
24.26387596,317.6019897,
24.28054237,317.011261,
24.29720879,314.3787231,
24.3138752,318.941864,
24.33054161,316.8463745,
24.34720802,315.2975159,
24.36387444,315.5284729,
24.38054276,317.0215759,
24.39720917,321.0055237,
24.41387558,316.0446472,
24.43054199,313.529541,
24.4472084,317.9103699,
24.46387482,318.2038879,
24.48054123,319.3103333,
24.49720955,315.3622131,
24.51387596,316.3995667,
24.53054237,320.0045776,
24.54720879,318.0220642,
24.5638752,318.4115601,
24.58054161,312.4078979,
24.59720802,316.8759155,
24.61387444,318.5500793,
24.63054276,316.5759888,
24.64720917,318.4429932,
24.66387558,315.9429016,
24.68054199,317.5848389,
24.6972084,319.9737549,
24.71387482,319.6093445,
24.73054123,318.1816101,
24.74720955,319.5106506,
24.76387596,317.0227966,
24.78054237,314.5357056,
24.79720879,314.9121399,
24.8138752,317.7987061,
24.83054161,318.888092,
24.84720802,316.9431763,
24.86387444,313.8653259,
24.88054276,318.3415833,
24.89720917,311.7808533,
24.91387558,315.9964294,
24.93054199,316.9839172,
24.9472084,319.7979431,
24.96387482,318.3757019,
24.98054123,315.4765015,
24.99720955,317.2706299,
25.01387596,317.9787598,
25.03054237,314.9241638,
25.04720879,317.374176,
25.0638752,318.910614,
25.08054161,315.4712524,
25.09720802,317.5677185,
25.11387444,318.6810303,
25.13054276,315.9108276,
25.14720917,314.304657,
25.16387558,316.0482788,
25.18054199,315.9395752,
25.1972084,318.1938477,
25.21387482,316.293335,
25.23054123,318.5817566,
25.24720955,312.721283,
25.26387596,318.5151978,
25.28054237,313.5744324,
25.29720879,319.9681702,
25.3138752,316.9242554,
25.33054161,316.9497681,
25.34720802,316.7347107,
25.36387444,316.007782,
25.38054276,320.3140259,
25.39720917,318.9389648,
25.41387558,316.1631775,
25.43054199,318.5704956,
25.4472084,314.0028381,
25.46387482,313.2458191,
25.48054123,316.2952576,
25.49720955,320.7462769,
25.51387596,321.2174988,
25.53054237,315.2520142,
25.54720879,317.4240417,
25.5638752,317.1195984,
25.58054161,316.6179199,
25.59720802,313.688324,
25.61387444,318.6853638,
25.63054276,315.1463623,
25.64720917,315.6156616,
25.66387558,314.3822937,
25.68054199,321.4035034,
25.6972084,314.9273376,
25.71387482,316.6739807,
25.73054123,319.8033447,
25.74720955,315.9943237,
25.76387596,316.9467468,
25.78054237,321.3726196,
25.79720879,319.8944397,
25.8138752,316.1264343,
25.83054161,316.4474792,
25.84720802,315.5244446,
25.86387444,313.6510315,
25.88054276,317.02771,
25.89720917,316.2898865,
25.91387558,318.010437,
25.93054199,318.8456726,
25.9472084,319.5743103,
25.96387482,318.0770264,
25.98054123,315.5190735,
25.99720955,317.1483459,
26.01387596,320.1315002,
26.03054237,318.1289063,
26.04720879,324.5172119,
26.0638752,319.1645508,
26.08054161,317.7368774,
26.09720802,315.5674438,
26.11387444,315.9542236,
26.13054276,316.6804199,
26.14720917,318.4247437,
26.16387558,316.0955811,
26.18054199,317.798584,
26.1972084,315.7359619,
26.21387482,317.788269,
26.23054123,316.6048584,
26.24720955,316.331665,
26.26387596,315.884613,
26.28054237,316.1705322,
26.29720879,319.1557007,
26.3138752,317.815094,
26.33054161,317.8994141,
26.34720802,314.1759338,
26.36387444,314.565155,
26.38054276,315.0444336,
26.39720917,316.2538452,
26.41387558,321.7663574,
26.43054199,317.8907776,
26.4472084,318.0150757,
26.46387482,317.8283386,
26.48054123,318.4591675,
26.49720955,317.392334,
26.51387596,313.6353149,
26.53054237,320.1803589,
26.54720879,316.4266663,
26.5638752,320.1473999,
26.58054161,314.5302734,
26.59720802,315.146759,
26.61387444,313.9012756,
26.63054276,316.5309753,
26.64720917,315.3894653,
26.66387558,318.1074219,
26.68054199,317.2512512,
26.6972084,317.4359741,
26.71387482,314.9603882,
26.73054123,316.2841187,
26.74720955,315.2466736,
26.76387596,314.8200378,
26.78054237,318.0808411,
26.79720879,319.1713257,
26.8138752,316.7784424,
26.83054161,320.1271667,
26.84720802,312.2447815,
26.86387444,316.1740723,
26.88054276,317.9835815,
26.89720917,315.1641235,
26.91387558,316.3996277,
26.93054199,316.8826904,
26.9472084,318.0883484,
26.96387482,317.2511902,
26.98054123,321.0519104,
26.99720955,316.604126,
27.01387596,316.910675,
27.03054237,317.9705811,
27.04720879,317.64505,
27.0638752,317.2094727,
27.08054161,316.3768616,
27.09720802,315.3360291,
27.11387444,315.9439697,
27.13054276,316.136322,
27.14720917,316.4610901,
27.16387558,316.2548218,
27.18054199,317.2444153,
27.1972084,317.7354431,
27.21387482,318.8731689,
27.23054123,316.0391235,
27.24720955,315.8806458,
27.26387596,317.8288879,
27.28054237,316.0334167,
27.29720879,317.1305847,
27.3138752,317.3871155,
27.33054161,318.9753113,
27.34720802,316.9561462,
27.36387444,321.225647,
27.38054276,317.6308594,
27.39720917,318.1100159,
27.41387558,317.5133057,
27.43054199,316.2686768,
27.4472084,319.2260437,
27.46387482,321.9366455,
27.48054123,316.4169006,
27.49720955,315.2095032,
27.51387596,317.5873108,
27.53054237,314.4328308,
27.54720879,314.7095642,
27.5638752,319.4505005,
27.58054161,316.1439819,
27.59720802,317.8560486,
27.61387444,312.8146057,
27.63054276,316.3059387,
27.64720917,314.7370605,
27.66387558,318.1724548,
27.68054199,314.6364136,
27.6972084,317.0810242,
27.71387482,317.7296448,
27.73054123,321.6854553,
27.74720955,318.8187866,
27.76387596,316.5941467,
27.78054237,314.6549377,
27.79720879,315.34375,
27.8138752,318.2302856,
27.83054161,314.5654297,
27.84720802,317.7954407,
27.86387444,314.0480042,
27.88054276,317.4818115,
27.89720917,316.3432312,
27.91387558,314.9634705,
27.93054199,317.6589661,
27.9472084,317.4982605,
27.96387482,314.9848022,
27.98054123,317.3178711,
27.99720955,319.8235779,
28.01387596,319.0798035,
28.03054237,317.4408264,
28.04720879,315.3265381,
28.0638752,316.3210449,
28.08054161,316.4455872,
28.09720802,314.7191162,
28.11387444,315.2660522,
28.13054276,315.8570862,
28.14720917,318.1878967,
28.16387558,317.8420105,
28.18054199,317.8693542,
28.1972084,321.0929871,
28.21387482,313.9466858,
28.23054123,319.6766968,
28.24720955,312.4824524,
28.26387596,318.7913818,
28.28054237,322.4416504,
28.29720879,317.4424744,
28.3138752,316.6388245,
28.33054161,319.2306824,
28.34720802,314.4347229,
28.36387444,315.9533386,
28.38054276,313.8063049,
28.39720917,315.5623474,
28.41387558,315.3454285,
28.43054199,319.8287048,
28.4472084,318.2481079,
28.46387482,320.581543,
28.48054123,318.9978638,
28.49720955,320.9830017,
28.51387596,314.824707,
28.53054237,320.0169067,
28.54720879,319.1826172,
28.5638752,317.5349731,
28.58054161,313.7468872,
28.59720802,313.375824,
28.61387444,315.4555969,
28.63054276,319.3027954,
28.64720917,320.0909729,
28.66387558,316.8796082,
28.68054199,316.291687,
28.6972084,318.2307739,
28.71387482,316.3985596,
28.73054123,316.5421143,
28.74720955,320.5070801,
28.76387596,317.8884277,
28.78054237,316.2687683,
28.79720879,318.7098389,
28.8138752,316.884613,
28.83054161,317.4476013,
28.84720802,317.2622986,
28.86387444,317.5010986,
28.88054276,316.9289551,
28.89720917,318.5221252,
28.91387558,316.4065247,
28.93054199,317.7367554,
28.9472084,318.0253296,
28.96387482,316.1855469,
28.98054123,316.2060852,
28.99720955,320.3321533,
29.01387596,316.6123962,
29.03054237,317.3030701,
29.04720879,314.8302917,
29.0638752,315.3571777,
29.08054161,317.0870972,
29.09720802,316.4236145,
29.11387444,315.3797913,
29.13054276,318.305481,
29.14720917,316.2388916,
29.16387558,319.192688,
29.18054199,316.9301147,
29.1972084,321.6368103,
29.21387482,320.3247375,
29.23054123,318.4962769,
29.24720955,314.7078857,
29.26387596,316.5906067,
29.28054237,323.0907593,
29.29720879,315.6452026,
29.3138752,317.8790588,
29.33054161,318.1780701,
29.34720802,315.5114136,
29.36387444,314.3156738,
29.38054276,316.4618225,
29.39720917,315.4422607,
29.41387558,317.7131653,
29.43054199,319.7439575,
29.4472084,319.3677979,
29.46387482,315.0856628,
29.48054123,318.1383972,
29.49720955,317.9705505,
29.51387596,316.8435364,
29.53054237,317.7478943,
29.54720879,316.52005,
29.5638752,317.782135,
29.58054161,316.6290894,
29.59720802,319.2711792,
29.61387444,316.3383789,
29.63054276,320.539093,
29.64720917,315.6871338,
29.66387558,314.9958496,
29.68054199,319.3791504,
29.6972084,316.3641357,
29.71387482,318.7912903,
29.73054123,319.4735413,
29.74720955,315.5278625,
29.76387596,319.9628601,
29.78054237,316.454834,
29.79720879,317.1391296,
29.8138752,317.3198242,
29.83054161,320.6910706,
29.84720802,315.1551208,
29.86387444,316.6982422,
29.88054276,318.5592957,
29.89720917,320.3053589,
29.91387558,316.2657166,
29.93054199,315.7894592,
29.9472084,313.9927063,
29.96387482,317.8639526,
29.98054123,316.8557434,
29.99720955,318.2396851,
30.01387596,317.8535767,
30.03054237,315.8127136,
30.04720879,316.2554321,
30.0638752,315.6560364,
30.08054161,313.8430786,
30.09720802,318.4607544,
30.11387444,316.8626709,
30.13054276,316.48526,
30.14720917,316.3424377,
30.16387558,314.839386,
30.18054199,317.1506042,
30.1972084,314.053009,
30.21387482,315.9867249,
30.23054123,323.4160156,
30.24720955,318.0959167,
30.26387596,318.9782715,
30.28054237,315.0861206,
30.29720879,316.0076294,
30.3138752,315.9573059,
30.33054161,318.7693176,
30.34720802,317.906311,
30.36387444,314.7653809,
30.38054276,315.9393005,
30.39720917,316.3885498,
30.41387558,314.7666016,
30.43054199,314.9840088,
30.4472084,321.0272522,
30.46387482,318.2046509,
30.48054123,317.5272827,
30.49720955,321.7049561,
30.51387596,318.3563232,
30.53054237,317.7781067,
30.54720879,315.2701416,
30.5638752,314.5732727,
30.58054161,317.3708191,
30.59720802,317.3653564,
30.61387444,314.4551392,
30.63054276,314.9898376,
30.64720917,317.9711304,
30.66387558,318.7498779,
30.68054199,315.0383911,
30.6972084,318.2918091,
30.71387482,314.5867004,
30.73054123,315.2317505,
30.74720955,321.1493835,
30.76387596,318.2163696,
30.78054237,318.1180115,
30.79720879,315.5742188,
30.8138752,313.5527649,
30.83054161,318.1733704,
30.84720802,317.2288818,
30.86387444,317.0270691,
30.88054276,319.4709473,
30.89720917,317.8223877,
30.91387558,320.5118713,
30.93054199,313.940155,
30.9472084,314.5521545,
30.96387482,316.9689331,
30.98054123,320.5487061,
30.99720955,316.4654236,
31.01387596,317.0617065,
31.03054237,315.5136414,
31.04720879,317.8018494,
31.0638752,317.1159058,
31.08054161,317.3991089,
31.09720802,313.0180969,
31.11387444,318.2831421,
31.13054276,316.9151306,
31.14720917,319.47229,
31.16387558,313.9085999,
31.18054199,316.5943298,
31.1972084,314.395813,
31.21387482,317.4974976,
31.23054123,315.6363525,
31.24720955,315.9220276,
31.26387596,315.7578125,
31.28054237,318.028595,
31.29720879,313.4146729,
31.3138752,314.9631958,
31.33054161,318.0557251,
31.34720802,317.2675171,
31.36387444,318.2137756,
31.38054276,316.4137268,
31.39720917,319.6086426,
31.41387558,315.1998596,
31.43054199,317.0183411,
31.4472084,316.8829346,
31.46387482,316.4510803,
31.48054123,315.311615,
31.49720955,318.1521912,
31.51387596,315.6803894,
31.53054237,317.7520752,
31.54720879,317.8906555,
31.5638752,318.2564087,
31.58054161,315.5609741,
31.59720802,315.9620667,
31.61387444,315.0030518,
31.63054276,316.9812622,
31.64720917,317.651001,
31.66387558,317.1195679,
31.68054199,319.5617676,
31.6972084,318.2638245,
31.71387482,314.7669067,
31.73054123,315.0521545,
31.74720955,316.7765198,
31.76387596,317.9045105,
31.78054237,318.9551697,
31.79720879,316.3503723,
31.8138752,318.3023376,
31.83054161,317.2243958,
31.84720802,318.5520935,
31.86387444,317.072052,
31.88054276,313.4608154,
31.89720917,318.1099548,
31.91387558,313.3901672,
31.93054199,315.8283997,
31.9472084,316.6869812,
31.96387482,318.9920044,
31.98054123,314.6533508,
31.99720955,315.480896,
32.01387405,312.9355469,
32.03054047,316.1537476,
32.04720688,318.0483704,
32.06387711,317.0712585,
32.08054352,313.6109924,
32.09720993,318.6500244,
32.11387634,319.4553223,
32.13054276,316.6660767,
32.14720917,315.1037292,
32.16387558,317.7867737,
32.18054199,315.8439941,
32.1972084,316.5365906,
32.21387482,319.2339172,
32.23054123,311.4745789,
32.24720764,321.7081299,
32.26387405,316.3982544,
32.28054047,319.0447083,
32.29720688,318.0263977,
32.31387711,316.6789856,
32.33054352,320.6566162,
32.34720993,316.1325073,
32.36387634,320.3627014,
32.38054276,316.3587646,
32.39720917,315.5867004,
32.41387558,316.4991455,
32.43054199,316.1166687,
32.4472084,318.4941711,
32.46387482,316.1473999,
32.48054123,318.6260376,
32.49720764,317.7201233,
32.51387405,316.6299133,
32.53054047,320.3315125,
32.54720688,317.5594482,
32.56387711,315.5087585,
32.58054352,312.8787842,
32.59720993,317.7438965,
32.61387634,317.4945984,
32.63054276,317.6453857,
32.64720917,316.9000549,
32.66387558,315.6406555,
32.68054199,318.5482788,
32.6972084,316.7412415,
32.71387482,315.2656555,
32.73054123,316.7386475,
32.74720764,319.3275757,
32.76387405,314.4483337,
32.78054047,314.1885986,
32.79720688,315.7865906,
32.81387711,314.375061,
32.83054352,315.1080017,
32.84720993,315.2956848,
32.86387634,319.0391846,
32.88054276,317.0918579,
32.89720917,318.4083862,
32.91387558,318.9917297,
32.93054199,318.0163879,
32.9472084,315.9170227,
32.96387482,318.4505005,
32.98054123,315.6701965,
32.99720764,319.7624207,
33.01387405,318.2955322,
33.03054047,316.4588318,
33.04720688,317.3445435,
33.06387711,316.7959595,
33.08054352,317.1688843,
33.09720993,321.0778809,
33.11387634,317.0281067,
33.13054276,316.7496948,
33.14720917,318.1489258,
33.16387558,317.5498352,
33.18054199,314.8318481,
33.1972084,311.7344666,
33.21387482,316.6274719,
33.23054123,318.2611389,
33.24720764,316.6493835,
33.26387405,315.9727478,
33.28054047,319.3683777,
33.29720688,315.9866333,
33.31387711,316.8558655,
33.33054352,317.3493958,
33.34720993,315.1819458,
33.36387634,317.8777161,
33.38054276,317.2381897,
33.39720917,319.6552734,
33.41387558,317.7471313,
33.43054199,319.9562683,
33.4472084,315.1391907,
33.46387482,318.1575928,
33.48054123,317.1197815,
33.49720764,318.1616211,
33.51387405,317.5415039,
33.53054047,316.8277893,
33.54720688,316.0748596,
33.56387711,317.4342957,
33.58054352,322.0345154,
33.59720993,316.3035278,
33.61387634,316.3480835,
33.63054276,311.7434998,
33.64720917,319.4052429,
33.66387558,318.3677673,
33.68054199,314.890564,
33.6972084,317.2181702,
33.71387482,314.769104,
33.73054123,315.3507996,
33.74720764,317.5235901,
33.76387405,316.0056458,
33.78054047,311.617218,
33.79720688,313.4541016,
33.81387711,318.0348206,
33.83054352,318.4083557,
33.84720993,317.1557312,
33.86387634,317.6190796,
33.88054276,320.0713501,
33.89720917,319.2195129,
33.91387558,317.4925537,
33.93054199,316.0178223,
33.9472084,320.3955383,
33.96387482,315.9927368,
33.98054123,317.6834717,
33.99720764,315.1401062,
34.01387405,317.6617737,
34.03054047,314.3025818,
34.04720688,317.684021,
34.06387711,314.3511963,
34.08054352,317.6990662,
34.09720993,313.6167908,
34.11387634,318.4786072,
34.13054276,320.1340332,
34.14720917,323.3663635,
34.16387558,319.1021423,
34.18054199,316.6953125,
34.1972084,318.0054932,
34.21387482,316.9941101,
34.23054123,319.333252,
34.24720764,317.1777344,
34.26387405,316.0090027,
34.28054047,314.3933716,
34.29720688,318.0213013,
34.31387711,318.6626892,
34.33054352,320.5016174,
34.34720993,317.6889343,
34.36387634,314.5242615,
34.38054276,321.0713196,
34.39720917,314.3302002,
34.41387558,315.6765747,
34.43054199,314.2153015,
34.4472084,315.0550537,
34.46387482,318.6506042,
34.48054123,317.7954102,
34.49720764,314.6981812,
34.51387405,316.0027771,
34.53054047,318.5689697,
34.54720688,320.2964478,
34.56387711,319.072937,
34.58054352,313.7312927,
34.59720993,314.9666748,
34.61387634,316.2023315,
34.63054276,317.4814453,
34.64720917,318.5194702,
34.66387558,317.8570557,
34.68054199,317.1725769,
34.6972084,318.2888184,
34.71387482,314.0640564,
34.73054123,317.0054016,
34.74720764,313.874939,
34.76387405,316.0110474,
34.78054047,314.5748596,
34.79720688,317.8070984,
34.81387711,318.5472412,
34.83054352,321.8074341,
34.84720993,318.4971619,
34.86387634,317.9929504,
34.88054276,319.26297,
34.89720917,316.928772,
34.91387558,315.1040649,
34.93054199,315.3500366,
34.9472084,316.0874939,
34.96387482,315.9264832,
34.98054123,316.5262756,
34.99720764,315.1426086,
35.01387405,319.0075989,
35.03054047,316.2315979,
35.04720688,316.8270569,
35.06387711,317.2437744,
35.08054352,318.563324,
35.09720993,319.1561584,
35.11387634,314.3587646,
35.13054276,318.8461914,
35.14720917,315.9362183,
35.16387558,316.623291,
35.18054199,312.9931946,
35.1972084,319.4667664,
35.21387482,320.0757751,
35.23054123,320.6361084,
35.24720764,317.3053284,
35.26387405,317.1013489,
35.28054047,318.4111328,
35.29720688,318.316864,
35.31387711,315.8216248,
35.33054352,317.028595,
35.34720993,318.0917664,
35.36387634,319.8135986,
35.38054276,317.0249939,
35.39720917,320.6075439,
35.41387558,320.443634,
35.43054199,316.6194458,
35.4472084,318.5037537,
35.46387482,316.9463806,
35.48054123,316.7471619,
35.49720764,318.0248718,
35.51387405,318.578186,
35.53054047,317.7831726,
35.54720688,315.614502,
35.56387711,321.2090149,
35.58054352,315.9388123,
35.59720993,314.8803711,
35.61387634,315.1595764,
35.63054276,315.1145935,
35.64720917,315.1599121,
35.66387558,312.7595215,
35.68054199,316.06073,
35.6972084,315.2515869,
35.71387482,317.1559143,
35.73054123,318.3187256,
35.74720764,317.7724304,
35.76387405,315.4902954,
35.78054047,318.2992859,
35.79720688,315.8270874,
35.81387711,322.4980164,
35.83054352,316.480072,
35.84720993,319.0168457,
35.86387634,318.2753601,
35.88054276,319.072113,
35.89720917,317.9837341,
35.91387558,320.2167053,
35.93054199,319.0565491,
35.9472084,321.9230652,
35.96387482,319.604187,
35.98054123,314.9590149,
35.99720764,317.9599304,
36.01387405,319.6018372,
36.03054047,314.9587097,
36.04720688,317.6712036,
36.06387711,318.2732239,
36.08054352,320.1763306,
36.09720993,315.8331604,
36.11387634,317.2253418,
36.13054276,313.9601746,
36.14720917,315.7714844,
36.16387558,316.3104248,
36.18054199,319.3318787,
36.1972084,317.9194946,
36.21387482,321.1945801,
36.23054123,322.6889038,
36.24720764,321.9645691,
36.26387405,315.1690369,
36.28054047,316.9174805,
36.29720688,320.0240784,
36.31387711,318.47229,
36.33054352,321.2071228,
36.34720993,320.2344055,
36.36387634,319.4959106,
36.38054276,316.1535645,
36.39720917,316.9310913,
36.41387558,319.8044434,
36.43054199,315.035553,
36.4472084,319.7242432,
36.46387482,315.4408875,
36.48054123,318.8018188,
36.49720764,318.2085571,
36.51387405,318.1859436,
36.53054047,315.6286011,
36.54720688,319.610199,
36.56387711,314.6544189,
36.58054352,317.38974,
36.59720993,317.9347534,
36.61387634,318.2709351,
36.63054276,314.9619141,
36.64720917,319.0913086,
36.66387558,314.9854431,
36.68054199,319.9370728,
36.6972084,317.0507813,
36.71387482,317.3281555,
36.73054123,319.5953369,
36.74720764,320.078186,
36.76387405,317.7344971,
36.78054047,322.1776428,
36.79720688,319.6997681,
36.81387711,315.4879761,
36.83054352,320.4571533,
36.84720993,315.2295837,
36.86387634,319.0967102,
36.88054276,316.8537292,
36.89720917,313.5411072,
36.91387558,315.0029907,
36.93054199,319.0700989,
36.9472084,317.2943726,
36.96387482,317.2121277,
36.98054123,316.2208862,
36.99720764,318.946106,
37.01387405,321.0533752,
37.03054047,320.3328552,
37.04720688,314.0000305,
37.06387711,318.9564209,
37.08054352,318.1107483,
37.09720993,314.1147461,
37.11387634,317.9003906,
37.13054276,315.9778748,
37.14720917,318.9319458,
37.16387558,318.6141968,
37.18054199,316.66922,
37.1972084,315.76828,
37.21387482,321.3916016,
37.23054123,314.9394531,
37.24720764,316.4501343,
37.26387405,319.5958252,
37.28054047,318.252533,
37.29720688,317.9342957,
37.31387711,319.6973572,
37.33054352,318.9650574,
37.34720993,317.3850098,
37.36387634,317.8314514,
37.38054276,313.7525024,
37.39720917,313.5192566,
37.41387558,317.9983215,
37.43054199,316.1361389,
37.4472084,317.4725342,
37.46387482,317.348938,
37.48054123,316.7583923,
37.49720764,315.8149719,
37.51387405,315.9860229,
37.53054047,320.8030396,
37.54720688,318.2512207,
37.56387711,314.1699829,
37.58054352,320.2365723,
37.59720993,314.5366516,
37.61387634,317.4289551,
37.63054276,318.5099792,
37.64720917,317.4079895,
37.66387558,319.3986511,
37.68054199,317.5113525,
37.6972084,310.9113159,
37.71387482,318.5141602,
37.73054123,317.7606201,
37.74720764,317.1449585,
37.76387405,318.563385,
37.78054047,316.3214417,
37.79720688,317.1773682,
37.81387711,317.6688538,
37.83054352,318.8583374,
37.84720993,315.6875,
37.86387634,313.0574646,
37.88054276,319.4606934,
37.89720917,317.6685486,
37.91387558,318.6181641,
37.93054199,317.0460815,
37.9472084,319.9161072,
37.96387482,316.6706848,
37.98054123,317.9018555,
37.99720764,316.6552124,
38.01387405,319.6214905,
38.03054047,320.5794678,
38.04720688,319.8817139,
38.06387711,317.7615662,
38.08054352,318.3799133,
38.09720993,319.3378296,
38.11387634,318.9192505,
38.13054276,318.5479431,
38.14720917,320.2109985,
38.16387558,319.628479,
38.18054199,317.4098206,
38.1972084,317.3061829,
38.21387482,321.2628784,
38.23054123,317.4354858,
38.24720764,316.5079346,
38.26387405,319.4368896,
38.28054047,316.1243286,
38.29720688,314.6907043,
38.31387711,318.1386719,
38.33054352,317.8154297,
38.34720993,318.1741333,
38.36387634,314.5298767,
38.38054276,317.5621643,
38.39720917,318.7447205,
38.41387558,324.0202942,
38.43054199,317.1099243,
38.4472084,315.4497375,
38.46387482,317.5023804,
38.48054123,323.3651733,
38.49720764,315.5433655,
38.51387405,314.4831543,
38.53054047,314.749939,
38.54720688,317.2565613,
38.56387711,314.8258057,
38.58054352,317.4896851,
38.59720993,319.486969,
38.61387634,321.6264038,
38.63054276,316.2781372,
38.64720917,315.3521118,
38.66387558,316.6498413,
38.68054199,320.0159302,
38.6972084,317.5231323,
38.71387482,320.4283447,
38.73054123,319.0023804,
38.74720764,312.8375244,
38.76387405,317.3620911,
38.78054047,319.9944763,
38.79720688,319.7563477,
38.81387711,317.2585144,
38.83054352,318.327179,
38.84720993,318.0958557,
38.86387634,319.2353516,

25C-L8R0-RC-withoutH9,
25C-L8R0-RC-withoutH9
Collection Time: 8/8/2016 2:55:10 PM
Operator Name  :
Kinetics Software Version: 1.1(133)
Parameter List :
Report Time: Mon 08 Aug 02:55:10 PM 2016
Batch: C:\Varian\Cary Eclipse WinFLR\DATA\Sudhanshu G\Memoids-9\Aug 2016 Single Hairpin Opening\Aug8-RC10nM-L8R0-Signal-Check-Leak.FBKN
Software version: 1.1(133)
Operator:
Instrument Parameters
Instrument                        Cary Eclipse
Instrument Serial Number          EL04103867
Data mode                         Fluorescence
Ex. wavelength (nm)               524.00
Em. wavelength (nm)               541.00
Ex. Slit (nm)                     10
Em. Slit (nm)                     5
Averaging Time (s)                1.0000
Cycle time(min)                   0.0000
Stop time(min)                    1440.0000
Emission filter                   Open
Excitation Filter                 Auto
PMT voltage (V)                   High
Multicell holder                  Multicell
Temperature control
Device                           Temperature controller
Set temperature (C)             25.00
Monitor                          Block
Comments:
Method Log     :
Method Name    : C:\Varian\Cary Eclipse WinFLR\DATA\Sudhanshu G\Memoids-9\Aug 2016 Single Hairpin Opening\Aug8-RC10nM-L8R0-Signal-Check-Leak.FBKN
Date/Time stamp: 8/8/2016 2:54:51 PM
Method Modifications:
PMT Volts Changed: 11/20/2013 5:25:13 PM, Old:600, New:800
Emission PMT (V): Changed: 11/20/2013 5:25:14 PM, Old: 600, New: 800
Cell Changer Changed: 11/20/2013 5:33:14 PM, Old:OFF, New:ON
Cell1 Changed: 11/20/2013 5:33:14 PM, Old:OFF, New:ON
Cell2 Changed: 11/20/2013 5:33:14 PM, Old:OFF, New:ON
Monitoring device: Changed: 11/20/2013 5:33:14 PM, Old:PCB 150, New:Block
Excitation Wavelength Changed: 11/20/2013 5:33:14 PM, Old: 400.00, New: 303.00
Emission Wavelength Changed: 11/20/2013 5:33:14 PM, Old: 600.00, New: 371.00
Ex. Slit Width (nm): Changed: 11/20/2013 5:33:14 PM, Old:5, New:10
Em. Slit Width (nm): Changed: 11/20/2013 5:33:14 PM, Old:5, New:10
Ave. time (s): Changed: 11/20/2013 5:33:14 PM, Old:0.10000, New:1.00000
Cell2 Changed: 11/20/2013 5:46:01 PM, Old:ON, New:OFF
Zero Mode Changed: 11/20/2013 5:49:03 PM, Old:OFF, New:Reading
Zero Mode Changed: 11/20/2013 5:49:05 PM, Old:Reading, New:ON
Sample1 Changed: 11/20/2013 5:49:23 PM, Old:Sample1, New:Blank
Stop Time 1 Changed: 11/20/2013 6:03:21 PM, Old: 1.0000, New:100.0000
Sample1 Changed: 11/20/2013 9:19:49 PM, Old:Blank, New:1x TAE
Ave. time (s): Changed: 11/21/2013 12:00:35 PM, Old:1.00000, New:0.10000
Excitation Wavelength Changed: 11/22/2013 11:48:08 AM, Old: 303.00, New: 240.00
Ex. Slit Width (nm): Changed: 11/22/2013 11:48:08 AM, Old:10, New:20
Em. Slit Width (nm): Changed: 11/22/2013 11:48:08 AM, Old:10, New:20
Ave. time (s): Changed: 11/22/2013 11:48:08 AM, Old:0.10000, New:1.00000
Sample1 Changed: 11/22/2013 11:48:33 AM, Old:1x TAE, New:500 nM B3-Amino
Auto Temp Setting Changed: 2/25/2014 7:32:10 PM, Old:OFF, New:ON
Block Temp Changed: 2/25/2014 7:32:10 PM, Old:  20.00, New:  22.00
Block (C): Changed: 2/25/2014 7:32:10 PM, Old:OFF, New:ON
Excitation Wavelength Changed: 2/25/2014 7:32:10 PM, Old: 240.00, New: 524.00
Emission Wavelength Changed: 2/25/2014 7:32:10 PM, Old: 371.00, New: 541.00
Ex. Slit Width (nm): Changed: 2/25/2014 7:32:10 PM, Old:20, New:5
Em. Slit Width (nm): Changed: 2/25/2014 7:32:10 PM, Old:20, New:5
X mode Changed: 2/25/2014 7:32:10 PM, Old:min, New:sec
Stop Time 1 Changed: 2/25/2014 7:32:10 PM, Old:100.0000, New:30000.0000
Sample1 Changed: 2/25/2014 7:33:01 PM, Old:500 nM B3-Amino, New:100nM TET-FQ; Slit:5-5; Voltage: 800V
Cell2 Changed: 2/28/2014 11:07:39 AM, Old:OFF, New:ON
Cell3 Changed: 2/28/2014 11:07:39 AM, Old:OFF, New:ON
Autoconvert Changed: 2/28/2014 11:07:40 AM, Old:None, New:Ascii with Log
Em. Slit Width (nm): Changed: 2/28/2014 11:07:40 AM, Old:5, New:2.5
X mode Changed: 2/28/2014 11:07:40 AM, Old:sec, New:min
Stop Time 1 Changed: 2/28/2014 11:07:40 AM, Old:30000.0000, New:1440.0000
Cell1 Changed: 4/15/2014 11:40:31 AM, Old:ON, New:OFF
Cell2 Changed: 4/15/2014 11:40:31 AM, Old:ON, New:OFF
Block Temp Changed: 4/15/2014 11:40:31 AM, Old:  22.00, New:  25.00
Cell1 Changed: 4/24/2014 11:49:58 AM, Old:OFF, New:ON
Cell2 Changed: 4/24/2014 11:49:58 AM, Old:OFF, New:ON
Current Method Changed: 10/12/2015 1:11:16 AM, Old:C:\Varian\Cary Eclipse WinFLR\DATA\Sudhanshu G\Memoids-8\TET-FQ-25C-200nM.FMKN, New:C:\Varian\Cary Eclipse WinFLR\DATA\Sudhanshu G\Memoids-8\M8-Set1-Apr18\TET-FQ-25C-200nM.FMKN
Cell1 Changed: 10/12/2015 1:12:45 AM, Old:ON, New:OFF
Cell2 Changed: 10/12/2015 1:12:45 AM, Old:ON, New:OFF
Ex. Slit Width (nm): Changed: 10/12/2015 1:13:05 AM, Old:5, New:10
Em. Slit Width (nm): Changed: 10/12/2015 1:13:05 AM, Old:2.5, New:5
Sample3 Changed: 10/13/2015 12:32:51 PM, Old:Sample3, New:RC-B2-B2a-30nM
Sample3 Changed: 10/13/2015 1:11:18 PM, Old:RC-B2-B2a-30nM, New:RC-B2below-30nM
Sample3 Changed: 10/13/2015 1:52:21 PM, Old:RC-B2below-30nM, New:RC4-Anneal-Checks
Sample3 Changed: 10/14/2015 12:22:37 AM, Old:RC4-Anneal-Checks, New:RC4-Find-Culprit
Cell1 Changed: 10/14/2015 12:36:07 AM, Old:OFF, New:ON
Sample1 Changed: 10/14/2015 12:36:38 AM, Old:100nM TET-FQ; Slit:5-5; Voltage: 800V, New:Find-The-Culprit
Sample3 Changed: 10/14/2015 12:36:38 AM, Old:RC4-Find-Culprit, New:RC4-Increasing
Cell3 Changed: 10/14/2015 12:57:28 AM, Old:ON, New:OFF
Cell1 Changed: 10/14/2015 1:02:19 AM, Old:ON, New:OFF
Cell3 Changed: 10/14/2015 1:02:19 AM, Old:OFF, New:ON
Sample3 Changed: 10/14/2015 1:02:46 AM, Old:RC4-Increasing, New:RC5-A1-For-B1
Cell1 Changed: 10/14/2015 1:21:09 AM, Old:OFF, New:ON
Cell3 Changed: 10/14/2015 1:21:09 AM, Old:ON, New:OFF
Sample1 Changed: 10/14/2015 1:21:34 AM, Old:Find-The-Culprit, New:B3-And-A1
Cell3 Changed: 10/14/2015 1:31:02 AM, Old:OFF, New:ON
Cell1 Changed: 10/14/2015 7:19:23 PM, Old:ON, New:OFF
Sample3 Changed: 10/14/2015 7:19:47 PM, Old:RC5-A1-For-B1, New:RC-a-2100pmol-T1
Sample3 Changed: 10/14/2015 7:52:14 PM, Old:RC-a-2100pmol-T1, New:RC-a-2100pmol-pt3x-init-T2
Sample3 Changed: 10/14/2015 8:24:13 PM, Old:RC-a-2100pmol-pt3x-init-T2, New:RC-a-2100pmol-pt3x-init-T2-37C
Block Temp Changed: 10/14/2015 8:24:23 PM, Old:  25.00, New:  37.00
Sample3 Changed: 10/15/2015 12:14:00 PM, Old:RC-a-2100pmol-pt3x-init-T2-37C, New:37C-RCa-30nM
Sample3 Changed: 10/16/2015 5:31:36 PM, Old:37C-RCa-30nM, New:37C-RCa-30nM-TA_F2
Sample3 Changed: 10/19/2015 4:13:28 PM, Old:37C-RCa-30nM-TA_F2, New:37C-RCa-30nM-TA_F1_F2
Sample3 Changed: 10/19/2015 7:16:44 PM, Old:37C-RCa-30nM-TA_F1_F2, New:37C-RCa-30nM-TA_F1_F2-SysA
Sample3 Changed: 10/20/2015 10:05:35 AM, Old:37C-RCa-30nM-TA_F1_F2-SysA, New:37C-RCa-30nM-SysA-TA_F1-1isto2
Sample3 Changed: 10/21/2015 11:25:10 AM, Old:37C-RCa-30nM-SysA-TA_F1-1isto2, New:37C-RC-b-Reason-For-SysA-Leak
Sample3 Changed: 10/21/2015 10:07:21 PM, Old:37C-RC-b-Reason-For-SysA-Leak, New:37C-TA-SysB-Leak-Check
Sample3 Changed: 10/22/2015 9:31:10 PM, Old:37C-TA-SysB-Leak-Check, New:37C-SysB-Leak
Block Temp Changed: 8/8/2016 12:47:19 PM, Old:  37.00, New:  25.00
Sample3 Changed: 8/8/2016 12:56:25 PM, Old:37C-SysB-Leak, New:25C-RC-Test-10nM
Sample3 Changed: 8/8/2016 1:13:42 PM, Old:25C-RC-Test-10nM, New:25C-L8R0
Sample3 Changed: 8/8/2016 2:55:10 PM, Old:25C-L8R0, New:25C-L8R0-RC-withoutH9
End Method Modifications

