25C-L7R0,,
Time (min),Intensity (a.u.),
0.008333333768,6.331115723,
0.02500000037,6.20551157,
0.04166666791,5.807919979,
0.05833333358,6.319544792,
0.07500000298,7.029968262,
0.09166666865,5.990800858,
0.1083333343,6.303573608,
0.125,6.022800922,
0.1416666657,6.480458736,
0.1583333313,6.264910698,
0.174999997,6.547421932,
0.5991458297,2.379401207,
0.6158124804,2.475447416,
0.6324791312,2.26171875,
0.6491458416,2.355550766,
0.6658124924,2.337251186,
0.6824791431,2.151325703,
0.6991458535,2.208919525,
0.7158125043,2.299287319,
0.7324791551,2.254987717,
0.7491458058,2.256501436,
0.7658125162,2.253416061,
0.782479167,2.13680315,
0.7991458178,2.336359501,
0.8158124685,2.295957565,
0.8324791789,2.071875095,
0.8491458297,2.238125086,
0.8658124804,1.771316886,
0.8824791312,2.02682209,
0.8991458416,2.715494394,
0.9158124924,1.938021898,
0.9324791431,2.26811862,
0.9491458535,2.457275867,
0.9658125043,2.251495361,
0.9824791551,1.876181602,
0.9991458058,2.265011072,
1.015812516,2.077664614,
1.032479167,2.282760382,
1.049145818,1.922753096,
1.065812469,2.302215338,
1.082479119,2.282684088,
1.679145813,8.382451057,
1.695812464,7.941281319,
1.712479115,8.045239449,
1.729145765,8.240948677,
1.745812535,8.228363037,
1.762479186,8.18264389,
1.779145837,8.21873951,
1.795812488,8.166187286,
1.812479138,8.549380302,
1.829145789,8.014507294,
1.84581244,8.242162704,
1.862479091,7.937076569,
1.879145861,8.380682945,
1.895812511,7.929877281,
1.912479162,7.928285599,
1.929145813,8.158210754,
1.945812464,7.269844532,
1.962479115,8.005377769,
1.979145765,8.363915443,
1.995812535,8.218708992,
2.012479067,8.142134666,
2.58983326,11.61939049,
2.60649991,10.21700954,
2.623166561,10.89120674,
2.639833212,10.54226112,
2.656500101,11.25008869,
2.673166752,10.93857288,
2.689833403,10.96770573,
2.706500053,10.36500168,
2.723166704,11.06780338,
2.739833355,10.8196249,
2.756500006,11.72079086,
2.773166656,11.03440475,
2.789833307,11.1079092,
2.806499958,11.56523514,
2.823166609,11.50284767,
2.83983326,10.95853806,
2.85649991,11.21622467,
2.873166561,11.62584877,
2.889833212,10.86402893,
2.906500101,12.26322079,
2.923166752,11.67032051,
2.939833403,11.89317131,
2.956500053,11.1374445,
2.973166704,10.72829533,
2.989833355,10.78972912,
3.006500006,10.78911686,
3.023166656,10.85282326,
3.039833307,11.07295418,
3.056499958,11.24024105,
3.073166609,11.23045731,
3.08983326,11.01782036,
3.10649991,11.0644846,
3.123166561,11.55130386,
3.139833212,10.46940708,
3.156500101,10.78869915,
3.173166752,10.73134232,
3.189833403,11.34015751,
3.206500053,10.7875948,
3.223166704,11.19351482,
3.239833355,10.31994152,
3.256500006,11.67416763,
3.273166656,11.24093914,
3.289833307,11.21298981,
3.306499958,10.8681221,
3.323166609,10.82521057,
3.33983326,11.13593102,
3.35649991,11.78311062,
3.373166561,11.11619854,
3.389833212,10.91937637,
3.406500101,11.00006676,
3.423166752,10.44998074,
3.439833403,11.87915134,
3.456500053,11.25634766,
3.473166704,10.61905003,
3.489833355,11.34516525,
3.506500006,10.85854816,
3.523166656,11.07818222,
3.539833307,11.7654314,
3.556499958,11.44839954,
3.573166609,10.6921196,
3.58983326,10.80585194,
3.60649991,11.26528358,
3.623166561,10.84223175,
3.639833212,11.05602074,
3.656500101,11.20440197,
3.673166752,10.49660587,
3.689833403,10.44509506,
3.706500053,11.73561668,
3.723166704,10.94177437,
3.739833355,10.53474522,
3.756500006,11.42124271,
3.773166656,11.29610348,
3.789833307,10.95132923,
3.806499958,11.12381363,
3.823166609,10.14634895,
3.83983326,11.55995274,
3.85649991,11.41666794,
3.873166561,11.10792637,
3.889833212,11.87901974,
3.906500101,11.23101997,
3.923166752,11.45517159,
3.939833403,10.53488827,
3.956500053,11.14531612,
3.973166704,11.09540653,
3.989833355,11.30710697,
4.006499767,11.00858212,
4.023166656,11.30215359,
4.039833546,11.41302872,
4.056499958,11.14261055,
4.073166847,11.40599251,
4.08983326,11.08481979,
4.106500149,11.88123512,
4.123166561,11.49425316,
4.13983345,11.73428059,
4.156499863,10.72567272,
4.173166752,11.38857365,
4.671103954,19.88227463,
4.687770367,19.91479111,
4.704437256,20.56845284,
4.721104145,20.35327911,
4.737770557,19.77628326,
4.754437447,21.28701591,
4.771103859,21.83481026,
4.787770748,22.042696,
4.80443716,22.02651405,
4.82110405,24.21279716,
4.837770462,23.60835266,
4.854437351,24.54055023,
4.871103764,24.44260406,
4.887770653,24.25144958,
4.904437065,25.07116127,
4.921103954,25.22241402,
4.937770367,26.32679749,
4.954437256,26.6316452,
4.971104145,26.30516243,
4.987770557,27.20293617,
5.004437447,27.9833374,
5.021103859,28.15997314,
5.037770748,28.51185226,
5.05443716,29.00613022,
5.07110405,31.35934448,
5.087770462,31.32474709,
5.104437351,31.88643265,
5.121103764,32.68897629,
5.137770653,32.5687294,
5.154437065,32.65646362,
5.171103954,33.48519516,
5.187770367,33.40638733,
5.204437256,35.55916977,
5.221104145,34.40014648,
5.237770557,34.67951584,
5.254437447,35.9548378,
5.271103859,35.12412262,
5.287770748,36.97877121,
5.30443716,36.32880783,
5.32110405,37.0492897,
5.337770462,36.96904755,
5.354437351,38.3233757,
5.371103764,38.61054993,
5.387770653,38.03813553,
5.404437065,39.27261734,
5.421103954,40.23407364,
5.437770367,40.41723633,
5.454437256,40.85241699,
5.471104145,41.46888733,
5.487770557,41.18732834,
5.504437447,43.58817291,
5.521103859,42.39681625,
5.537770748,42.12384796,
5.55443716,44.4481926,
5.57110405,43.53291702,
5.587770462,46.14909363,
5.604437351,44.88948441,
5.621103764,44.83055496,
5.637770653,46.8802681,
5.654437065,46.6676712,
5.671103954,46.59201813,
5.687770367,49.06837082,
5.704437256,48.57004929,
5.721104145,48.50220108,
5.737770557,49.02755356,
5.754437447,48.62611771,
5.771103859,49.17095184,
5.787770748,48.97914886,
5.80443716,51.47500992,
5.82110405,51.09604645,
5.837770462,50.8812561,
5.854437351,50.72200775,
5.871103764,51.5590744,
5.887770653,51.33271027,
5.904437065,52.94406509,
5.921103954,53.57817078,
5.937770367,53.5442276,
5.954437256,54.75179672,
5.971104145,51.88985062,
5.987770557,54.06509399,
6.004437447,54.57162094,
6.021103859,54.52380371,
6.037770748,55.83938599,
6.05443716,55.89443207,
6.07110405,56.67524338,
6.087770462,57.39093399,
6.104437351,56.17945862,
6.121103764,58.58360291,
6.137770653,58.38149643,
6.154437065,58.41927719,
6.171103954,59.58178711,
6.187770367,58.83480072,
6.204437256,59.1791954,
6.221104145,58.12564468,
6.237770557,60.0368576,
6.254437447,60.29829407,
6.271103859,61.34032059,
6.287770748,61.50392532,
6.30443716,61.99485016,
6.32110405,63.86832047,
6.337770462,62.88133621,
6.354437351,63.65599442,
6.371103764,62.29294205,
6.387770653,66.66603851,
6.404437065,64.18502045,
6.421103954,63.24690628,
6.437770367,64.25795746,
6.454437256,65.63633728,
6.471104145,64.13666534,
6.487770557,65.48723602,
6.504437447,65.4119339,
6.521103859,65.52935791,
6.537770748,66.68127441,
6.55443716,65.57907104,
6.57110405,67.61713409,
6.587770462,67.10320282,
6.604437351,67.90605927,
6.621103764,68.76529694,
6.637770653,68.69696045,
6.654437065,68.31474304,
6.671103954,69.30958557,
6.687770367,69.34185791,
6.704437256,69.55697632,
6.721104145,69.91849518,
6.737770557,70.7401123,
6.754437447,71.51831055,
6.771103859,71.45998383,
6.787770748,72.92590332,
6.80443716,71.31281281,
6.82110405,71.27832794,
6.837770462,74.05645752,
6.854437351,73.22187042,
6.871103764,74.67583466,
6.887770653,72.05250549,
6.904437065,73.70901489,
6.921103954,74.97988129,
6.937770367,74.92490387,
6.954437256,73.33231354,
6.971104145,73.07595825,
6.987770557,74.51333618,
7.004437447,74.28904724,
7.021103859,75.6060791,
7.037770748,75.31755829,
7.05443716,76.64185333,
7.07110405,77.59649658,
7.087770462,76.64014435,
7.104437351,77.56345367,
7.121103764,76.56200409,
7.137770653,77.49758911,
7.154437065,78.04620361,
7.171103954,77.6462326,
7.187770367,78.21742249,
7.204437256,76.99973297,
7.221104145,79.29652405,
7.237770557,76.65937042,
7.254437447,78.32701874,
7.271103859,79.45266724,
7.287770748,80.50917053,
7.30443716,79.98735809,
7.32110405,80.71395874,
7.337770462,81.72795868,
7.354437351,79.84603119,
7.371103764,80.71908569,
7.387770653,80.50321198,
7.404437065,80.97794342,
7.421103954,79.94641876,
7.437770367,82.36219788,
7.454437256,82.94122314,
7.471104145,82.27244568,
7.487770557,81.76463318,
7.504437447,82.20018768,
7.521103859,82.22344971,
7.537770748,82.49996948,
7.55443716,84.36000061,
7.57110405,85.16977692,
7.587770462,81.91873932,
7.604437351,84.20254517,
7.621103764,84.50440979,
7.637770653,84.42482758,
7.654437065,83.84062958,
7.671103954,83.93462372,
7.687770367,86.47502136,
7.704437256,85.4057312,
7.721104145,85.69387817,
7.737770557,86.23221588,
7.754437447,86.80141449,
7.771103859,86.38938141,
7.787770748,86.6651001,
7.80443716,87.38787842,
7.82110405,86.76843262,
7.837770462,85.66408539,
7.854437351,86.99028778,
7.871103764,86.70687866,
7.887770653,87.85284424,
7.904437065,86.5381012,
7.921103954,88.63141632,
7.937770367,88.63442993,
7.954437256,87.59620667,
7.971104145,87.82093811,
7.987770557,88.50272369,
8.004437447,90.77546692,
8.021103859,88.93389893,
8.037770271,88.45574188,
8.054437637,90.54118347,
8.07110405,88.10861969,
8.087770462,90.64484406,
8.104436874,90.88258362,
8.12110424,90.09152222,
8.137770653,90.49199677,
8.154437065,91.65406799,
8.171103477,90.05542755,
8.187770844,90.6669693,
8.204437256,91.17437744,
8.221103668,90.37359619,
8.237771034,92.57115173,
8.254437447,90.44371033,
8.271103859,90.29022217,
8.287770271,93.37449646,
8.304437637,90.81528473,
8.32110405,91.97496796,
8.337770462,92.68875122,
8.354436874,93.2482605,
8.37110424,94.00836182,
8.387770653,91.76119995,
8.404437065,91.94633484,
8.421103477,93.89807129,
8.437770844,94.91066742,
8.454437256,95.72753906,
8.471103668,95.447258,
8.487771034,91.61104584,
8.504437447,93.25323486,
8.521103859,93.86985016,
8.537770271,96.42395782,
8.554437637,96.44073486,
8.57110405,95.30120087,
8.587770462,95.99274445,
8.604436874,94.87487793,
8.62110424,95.1342926,
8.637770653,96.05551147,
8.654437065,95.24407959,
8.671103477,96.36055756,
8.687770844,95.01039886,
8.704437256,96.77101898,
8.721103668,96.44277191,
8.737771034,97.37923431,
8.754437447,96.34843445,
8.771103859,95.75653076,
8.787770271,95.82817841,
8.804437637,97.5452652,
8.82110405,98.64376068,
8.837770462,97.87831879,
8.854436874,96.70020294,
8.87110424,98.00074768,
8.887770653,98.56069946,
8.904437065,99.032547,
8.921103477,98.86824036,
8.937770844,98.42969513,
8.954437256,98.98802185,
8.971103668,98.20615387,
8.987771034,100.1101074,
9.004437447,96.81197357,
9.021103859,98.31698608,
9.037770271,97.35752869,
9.054437637,99.29856873,
9.07110405,100.3455429,
9.087770462,100.2595673,
9.104436874,99.99953461,
9.12110424,101.5032806,
9.137770653,100.268692,
9.154437065,98.37194824,
9.171103477,101.4199677,
9.187770844,101.3044205,
9.204437256,99.08771515,
9.221103668,101.065979,
9.237771034,101.2577362,
9.254437447,102.5187607,
9.271103859,101.8469772,
9.287770271,99.09579468,
9.304437637,102.9085999,
9.32110405,103.9787903,
9.337770462,101.9828186,
9.354436874,101.3658447,
9.37110424,103.7021255,
9.387770653,102.2457352,
9.404437065,103.3457031,
9.421103477,102.1262436,
9.437770844,101.2952805,
9.454437256,102.562767,
9.471103668,103.3077393,
9.487771034,104.037323,
9.504437447,104.5836487,
9.521103859,102.8565445,
9.537770271,102.8060074,
9.554437637,105.2034149,
9.57110405,104.412117,
9.587770462,102.8040848,
9.604436874,104.1413727,
9.62110424,103.5525742,
9.637770653,103.7183533,
9.654437065,105.2491455,
9.671103477,102.7560501,
9.687770844,104.2153778,
9.704437256,106.2265854,
9.721103668,105.9815521,
9.737771034,103.6862488,
9.754437447,104.4555588,
9.771103859,102.1891556,
9.787770271,103.4187393,
9.804437637,103.9410706,
9.82110405,107.4692688,
9.837770462,106.6431808,
9.854436874,105.9258957,
9.87110424,104.7420425,
9.887770653,106.3233948,
9.904437065,107.6502686,
9.921103477,105.9617462,
9.937770844,107.1571198,
9.954437256,106.5704956,
9.971103668,105.8914337,
9.987771034,107.693985,
10.00443745,106.7838135,
10.02110386,106.8855362,
10.03777027,107.3499985,
10.05443764,107.5413132,
10.07110405,106.3869476,
10.08777046,107.5417557,
10.10443687,105.5508652,
10.12110424,105.5991211,
10.13777065,105.7489471,
10.15443707,105.9506989,
10.17110348,107.078125,
10.18777084,106.1252518,
10.20443726,107.3405762,
10.22110367,109.0386734,
10.23777103,107.2714233,
10.25443745,109.0438614,
10.27110386,106.7873917,
10.28777027,107.534874,
10.30443764,109.196785,
10.32110405,108.7832718,
10.33777046,108.3974075,
10.35443687,109.5085678,
10.37110424,109.1395874,
10.38777065,107.6763611,
10.40443707,108.9915161,
10.42110348,110.1814575,
10.43777084,110.2524033,
10.45443726,110.3486404,
10.47110367,106.4436417,
10.48777103,108.3587036,
10.50443745,109.7064056,
10.52110386,109.2878418,
10.53777027,107.5870819,
10.55443764,108.6929779,
10.57110405,109.5907135,
10.58777046,109.8833694,
10.60443687,109.657608,
10.62110424,109.0814438,
10.63777065,109.9456635,
10.65443707,110.4838409,
10.67110348,110.9031448,
10.68777084,109.2997055,
10.70443726,110.2491913,
10.72110367,110.8088608,
10.73777103,110.7520828,
10.75443745,112.0647736,
10.77110386,108.8442993,
10.78777027,110.7789307,
10.80443764,111.6204758,
10.82110405,109.752594,
10.83777046,110.7307129,
10.85443687,109.3312759,
10.87110424,108.400238,
10.88777065,112.3287659,
10.90443707,111.2482681,
10.92110348,108.9981613,
10.93777084,109.2673416,
10.95443726,111.118454,
10.97110367,112.1252441,
10.98777103,111.118454,
11.00443745,110.5276947,
11.02110386,113.3515396,
11.03777027,113.8483734,
11.05443764,110.3746414,
11.07110405,112.0450439,
11.08777046,111.0329285,
11.10443687,111.0163956,
11.12110424,112.0343018,
11.13777065,109.5940399,
11.15443707,113.212059,
11.17110348,112.2723846,
11.18777084,112.093338,
11.20443726,112.452179,
11.22110367,111.1650696,
11.23777103,108.6542664,
11.25443745,110.0794678,
11.27110386,113.0425415,
11.28777027,112.7019196,
11.30443764,113.4236679,
11.32110405,113.5485001,
11.33777046,113.6409531,
11.35443687,111.8297501,
11.37110424,113.2025528,
11.38777065,114.0701752,
11.40443707,115.3980637,
11.42110348,113.4309235,
11.43777084,112.2664871,
11.45443726,114.4140549,
11.47110367,113.2615509,
11.48777103,112.2567596,
11.50443745,113.3466339,
11.52110386,112.8572769,
11.53777027,114.1158752,
11.55443764,114.6569366,
11.57110405,114.1752548,
11.58777046,111.867775,
11.60443687,112.3131104,
11.62110424,115.1998062,
11.63777065,115.0712585,
11.65443707,112.30867,
11.67110348,111.2353363,
11.68777084,115.6872635,
11.70443726,113.4298477,
11.72110367,113.2744217,
11.73777103,114.5847244,
11.75443745,113.9875641,
11.77110386,115.0486755,
11.78777027,114.446167,
11.80443764,114.0725632,
11.82110405,117.1158066,
11.83777046,116.6929321,
11.85443687,115.7308655,
11.87110424,115.0090637,
11.88777065,114.7456207,
11.90443707,116.8742523,
11.92110348,116.4940338,
11.93777084,115.1005249,
11.95443726,115.6631775,
11.97110367,118.1335983,
11.98777103,112.7258453,
12.00443745,116.1293716,
12.02110386,114.7506638,
12.03777027,113.4875946,
12.05443764,115.6089706,
12.07110405,113.8258743,
12.08777046,116.6230392,
12.10443687,118.0097351,
12.12110424,116.6392746,
12.13777065,115.3370895,
12.15443707,115.6603088,
12.17110348,114.3239594,
12.18777084,117.348793,
12.20443726,115.5753174,
12.22110367,113.5130768,
12.23777103,115.6849136,
12.25443745,117.0099564,
12.27110386,115.9485474,
12.28777027,114.1288834,
12.30443764,117.2636337,
12.32110405,115.7730637,
12.33777046,118.2626495,
12.35443687,115.7440414,
12.37110424,116.6635208,
12.38777065,116.7051392,
12.40443707,116.5113602,
12.42110348,117.8204346,
12.43777084,115.3177948,
12.45443726,115.418045,
12.47110367,116.9434891,
12.48777103,117.8371277,
12.50443745,119.0967178,
12.52110386,116.5306473,
12.53777027,117.0759811,
12.55443764,115.2461548,
12.57110405,117.0745544,
12.58777046,116.0506287,
12.60443687,116.7530823,
12.62110424,116.7431564,
12.63777065,118.0005875,
12.65443707,117.6159134,
12.67110348,115.0118866,
12.68777084,118.5966492,
12.70443726,117.7321777,
12.72110367,117.4644165,
12.73777103,118.2069702,
12.75443745,116.7429047,
12.77110386,117.9264908,
12.78777027,117.7354126,
12.80443764,118.9112549,
12.82110405,116.4431305,
12.83777046,116.1331635,
12.85443687,118.9723892,
12.87110424,117.5718155,
12.88777065,118.7846222,
12.90443707,117.0458755,
12.92110348,116.6298676,
12.93777084,118.532196,
12.95443726,119.4601669,
12.97110367,117.006958,
12.98777103,119.9557877,
13.00443745,117.0811996,
13.02110386,118.0758286,
13.03777027,118.350975,
13.05443764,118.6805191,
13.07110405,117.9662933,
13.08777046,118.619278,
13.10443687,118.4126511,
13.12110424,118.6880646,
13.13777065,117.8534546,
13.15443707,118.5404282,
13.17110348,116.7086411,
13.18777084,117.5398026,
13.20443726,119.387558,
13.22110367,117.2501907,
13.23777103,117.1428375,
13.25443745,116.1029358,
13.27110386,118.1295013,
13.28777027,120.5721207,
13.30443764,120.3437424,
13.32110405,119.4843445,
13.33777046,118.2077179,
13.35443687,117.909523,
13.37110424,117.605278,
13.38777065,117.5544739,
13.40443707,122.2843475,
13.42110348,116.862648,
13.43777084,119.539711,
13.45443726,119.6816864,
13.47110367,117.6197968,
13.48777103,119.2025452,
13.50443745,120.0444107,
13.52110386,119.7370453,
13.53777027,117.7183609,
13.55443764,119.235321,
13.57110405,118.5850601,
13.58777046,118.0330353,
13.60443687,118.6907043,
13.62110424,118.7750549,
13.63777065,118.8098831,
13.65443707,119.6674042,
13.67110348,121.186676,
13.68777084,118.8073959,
13.70443726,119.4528503,
13.72110367,116.9536896,
13.73777103,121.1654816,
13.75443745,117.3579559,
13.77110386,119.8303375,
13.78777027,118.9148178,
13.80443764,122.5438766,
13.82110405,120.4084244,
13.83777046,118.4436493,
13.85443687,120.1468201,
13.87110424,120.8742294,
13.88777065,120.0488739,
13.90443707,120.7995453,
13.92110348,120.1486206,
13.93777084,118.7541962,
13.95443726,121.86483,
13.97110367,117.748909,
13.98777103,119.7189713,
14.00443745,119.0307617,
14.02110386,119.5164185,
14.03777027,119.8232498,
14.05443764,119.6011353,
14.07110405,120.1220322,
14.08777046,120.0235901,
14.10443687,119.5705948,
14.12110424,118.8656616,
14.13777065,119.363884,
14.15443707,121.0532227,
14.17110348,119.0439301,
14.18777084,120.0993271,
14.20443726,122.4248505,
14.22110367,119.8638611,
14.23777103,120.6117859,
14.25443745,119.7405243,
14.27110386,121.0723572,
14.28777027,123.5467453,
14.30443764,120.4389114,
14.32110405,119.7888336,
14.33777046,122.1776276,
14.35443687,122.7371979,
14.37110424,120.4789429,
14.38777065,120.6387711,
14.40443707,122.0834198,
14.42110348,119.9383163,
14.43777084,122.0930481,
14.45443726,121.0145416,
14.47110367,121.1517181,
14.48777103,118.9621964,
14.50443745,121.5411682,
14.52110386,120.1882095,
14.53777027,122.0983047,
14.55443764,121.3654785,
14.57110405,121.4853363,
14.58777046,118.7062988,
14.60443687,122.21418,
14.62110424,118.5529022,
14.63777065,120.132782,
14.65443707,121.3367233,
14.67110348,125.0293121,
14.68777084,119.6678772,
14.70443726,121.0268936,
14.72110367,121.0302505,
14.73777103,121.3917618,
14.75443745,121.9061508,
14.77110386,122.8003006,
14.78777027,120.547081,
14.80443764,121.2355804,
14.82110405,122.2491913,
14.83777046,119.0355759,
14.85443687,120.7947464,
14.87110424,121.2913818,
14.88777065,122.6872025,
14.90443707,121.6126328,
14.92110348,122.3731842,
14.93777084,123.0687103,
14.95443726,122.0034256,
14.97110367,120.8207474,
14.98777103,122.2871933,
15.00443745,122.5601883,
15.02110386,124.6477737,
15.03777027,121.6618881,
15.05443764,121.836937,
15.07110405,123.5304871,
15.08777046,119.6735535,
15.10443687,120.6931,
15.12110424,121.5182953,
15.13777065,123.5008698,
15.15443707,124.6105957,
15.17110348,120.5019836,
15.18777084,122.0161133,
15.20443726,120.4177094,
15.22110367,122.649086,
15.23777103,123.0393524,
15.25443745,122.2160034,
15.27110386,122.4711609,
15.28777027,122.5002594,
15.30443764,120.7817001,
15.32110405,122.1019592,
15.33777046,120.8854218,
15.35443687,124.3733368,
15.37110424,123.2061691,
15.38777065,122.1733551,
15.40443707,123.4818954,
15.42110348,121.7316971,
15.43777084,122.7154465,
15.45443726,123.3468399,
15.47110367,123.1743088,
15.48777103,119.6241455,
15.50443745,122.0043335,
15.52110386,123.2349091,
15.53777027,123.121727,
15.55443764,121.7867279,
15.57110405,121.6733627,
15.58777046,121.6141434,
15.60443687,122.5078583,
15.62110424,122.277092,
15.63777065,123.5585327,
15.65443707,123.1802597,
15.67110348,121.7827759,
15.68777084,120.9835358,
15.70443726,123.3868484,
15.72110367,123.6994171,
15.73777103,122.1112442,
15.75443745,123.4326096,
15.77110386,124.2845764,
15.78777027,125.6377869,
15.80443764,122.7610321,
15.82110405,123.2703018,
15.83777046,122.6780396,
15.85443687,121.8727646,
15.87110424,122.861702,
15.88777065,124.7347717,
15.90443707,125.0408554,
15.92110348,121.8987885,
15.93777084,122.5372162,
15.95443726,123.1699982,
15.97110367,124.2388611,
15.98777103,122.1558685,
16.00443649,122.382515,
16.02110481,122.2961197,
16.03777122,124.9112778,
16.05443764,121.9262772,
16.07110405,123.140831,
16.08777046,122.3674088,
16.10443687,123.0623169,
16.12110329,124.8018646,
16.1377697,125.3516388,
16.15443802,123.1047363,
16.17110443,124.2394409,
16.18777084,123.5350876,
16.20443726,124.1501846,
16.22110367,125.6693726,
16.23777008,123.1305084,
16.25443649,123.3154907,
16.27110481,120.6768494,
16.28777122,125.6411972,
16.30443764,121.5010529,
16.32110405,124.5797577,
16.33777046,123.4467316,
16.35443687,123.8315125,
16.37110329,123.2651062,
16.3877697,124.1305008,
16.40443802,123.8910599,
16.42110443,122.6019669,
16.43777084,124.8621979,
16.45443726,121.9578629,
16.47110367,123.1354675,
16.48777008,121.4714813,
16.50443649,123.3968964,
16.52110481,124.0372467,
16.53777122,122.9894791,
16.55443764,124.8669586,
16.57110405,125.6363678,
16.58777046,125.7192459,
16.60443687,126.5202179,
16.62110329,123.0056381,
16.6377697,125.9805679,
16.65443802,124.991272,
16.67110443,125.9498901,
16.68777084,126.3248062,
16.70443726,123.4375,
16.72110367,125.4987106,
16.73777008,123.5615082,
16.75443649,126.0075531,
16.77110481,125.4858856,
16.78777122,123.2472687,
16.80443764,124.9637299,
16.82110405,123.6568909,
16.83777046,125.2017746,
16.85443687,123.0199051,
16.87110329,125.0622559,
16.8877697,125.492691,
16.90443802,122.9798431,
16.92110443,123.7340088,
16.93777084,124.3473816,
16.95443726,123.200386,
16.97110367,124.8394089,
16.98777008,126.3151474,
17.00443649,125.0299683,
17.02110481,123.7273178,
17.03777122,122.3624344,
17.05443764,124.3004684,
17.07110405,122.6820908,
17.08777046,125.423996,
17.10443687,123.1660156,
17.12110329,123.3526154,
17.1377697,124.7529373,
17.15443802,122.8037567,
17.17110443,124.2354126,
17.18777084,124.1796875,
17.20443726,123.3747787,
17.22110367,121.5218658,
17.23777008,124.0877991,
17.25443649,123.149437,
17.27110481,124.0930481,
17.28777122,123.930336,
17.30443764,123.1827469,
17.32110405,124.3611069,
17.33777046,125.1425781,
17.35443687,122.7947922,
17.37110329,123.8417282,
17.3877697,121.9373703,
17.40443802,123.4190063,
17.42110443,123.8419266,
17.43777084,124.6404343,
17.45443726,125.3073044,
17.47110367,124.5901642,
17.48777008,126.4379654,
17.50443649,125.7402267,
17.52110481,124.4382019,
17.53777122,124.0921097,
17.55443764,125.9095383,
17.57110405,124.1459656,
17.58777046,126.6442261,
17.60443687,125.4271851,
17.62110329,126.1433182,
17.6377697,126.9776993,
17.65443802,126.1066055,
17.67110443,124.4009933,
17.68777084,125.7924728,
17.70443726,123.936058,
17.72110367,124.1364517,
17.73777008,123.4982681,
17.75443649,123.595665,
17.77110481,125.3561401,
17.78777122,125.7463989,
17.80443764,124.5925598,
17.82110405,123.23069,
17.83777046,125.960144,
17.85443687,126.2041473,
17.87110329,125.9560852,
17.8877697,126.6255493,
17.90443802,125.8116684,
17.92110443,124.2209549,
17.93777084,125.7949295,
17.95443726,124.0828857,
17.97110367,127.9191971,
17.98777008,123.6980591,
18.00443649,124.3889999,
18.02110481,124.9169846,
18.03777122,126.6129913,
18.05443764,126.5309143,
18.07110405,128.0727844,
18.08777046,126.064003,
18.10443687,125.3209381,
18.12110329,126.4514313,
18.1377697,125.7832336,
18.15443802,126.1659546,
18.17110443,124.4180832,
18.18777084,125.1526184,
18.20443726,127.1807098,
18.22110367,127.5312119,
18.23777008,124.1555176,
18.25443649,124.8466492,
18.27110481,126.8548508,
18.28777122,126.9213104,
18.30443764,127.3589706,
18.32110405,127.5689316,
18.33777046,125.7766342,
18.35443687,125.4639511,
18.37110329,126.1606369,
18.3877697,124.9565506,
18.40443802,125.8865128,
18.42110443,126.4406586,
18.43777084,127.8341675,
18.45443726,124.2200546,
18.47110367,123.8802032,
18.48777008,128.627243,
18.50443649,124.7751999,
18.52110481,125.1726761,
18.53777122,127.1477203,
18.55443764,125.7400818,
18.57110405,126.8588715,
18.58777046,124.7967529,
18.60443687,124.8907776,
18.62110329,125.6478424,
18.6377697,123.140358,
18.65443802,124.9924545,
18.67110443,123.102066,
18.68777084,126.5979385,
18.70443726,125.7018433,
18.72110367,124.1889038,
18.73777008,124.9855118,
18.75443649,126.0213394,
18.77110481,125.7123947,
18.78777122,126.5883026,
18.80443764,126.075119,
18.82110405,126.5870056,
18.83777046,125.4506989,
18.85443687,125.9573135,
18.87110329,124.8609543,
18.8877697,126.3928986,
18.90443802,124.2917862,
18.92110443,124.7715302,
18.93777084,126.9992447,
18.95443726,124.6715927,
18.97110367,126.4768524,
18.98777008,126.5167465,
19.00443649,125.9407272,
19.02110481,124.9395142,
19.03777122,124.5056229,
19.05443764,126.0356598,
19.07110405,127.2643814,
19.08777046,127.2860489,
19.10443687,125.181076,
19.12110329,125.0832214,
19.1377697,126.7832947,
19.15443802,123.4198227,
19.17110443,127.1207962,
19.18777084,126.2526932,
19.20443726,124.58358,
19.22110367,126.4874344,
19.23777008,125.0926285,
19.25443649,127.573761,
19.27110481,126.8254929,
19.28777122,124.2050629,
19.30443764,125.9784698,
19.32110405,125.4492569,
19.33777046,128.5401001,
19.35443687,124.5404053,
19.37110329,125.6705933,
19.3877697,127.8474045,
19.40443802,125.6863174,
19.42110443,125.5348053,
19.43777084,126.5695953,
19.45443726,127.466156,
19.47110367,125.4401093,
19.48777008,126.4455338,
19.50443649,128.2900848,
19.52110481,125.5928574,
19.53777122,126.7784805,
19.55443764,125.0550156,
19.57110405,126.7215424,
19.58777046,126.434639,
19.60443687,124.7705383,
19.62110329,126.758728,
19.6377697,125.4236374,
19.65443802,126.0387115,
19.67110443,129.6246796,
19.68777084,125.8564301,
19.70443726,127.8207016,
19.72110367,125.1803818,
19.73777008,127.1540222,
19.75443649,124.5345001,
19.77110481,127.0005569,
19.78777122,124.614296,
19.80443764,126.5612717,
19.82110405,128.8983765,
19.83777046,125.4510727,
19.85443687,126.5022583,
19.87110329,125.7936325,
19.8877697,125.6954803,
19.90443802,126.6307983,
19.92110443,126.1004486,
19.93777084,128.05336,
19.95443726,126.9838333,
19.97110367,126.6281586,
19.98777008,125.6410446,
20.00443649,127.0903473,
20.02110481,126.3885345,
20.03777122,128.3391113,
20.05443764,129.405899,
20.07110405,125.4884415,
20.08777046,125.9782944,
20.10443687,128.1579285,
20.12110329,126.2657166,
20.1377697,128.9186707,
20.15443802,124.3436203,
20.17110443,125.2661209,
20.18777084,127.4943085,
20.20443726,127.4428635,
20.22110367,127.1543045,
20.23777008,128.3846588,
20.25443649,126.385643,
20.27110481,127.2105255,
20.28777122,125.7509918,
20.30443764,127.7999573,
20.32110405,127.0345001,
20.33777046,126.4680176,
20.35443687,126.582222,
20.37110329,126.6793747,
20.3877697,124.8855515,
20.40443802,127.5091171,
20.42110443,126.6064224,
20.43777084,129.3706818,
20.45443726,129.8336945,
20.47110367,126.3751373,
20.48777008,126.6433563,
20.50443649,126.3358765,
20.52110481,128.7872314,
20.53777122,129.0236664,
20.55443764,125.5363388,
20.57110405,127.8467484,
20.58777046,127.0823746,
20.60443687,128.325592,
20.62110329,126.6393814,
20.6377697,129.2626343,
20.65443802,127.2404327,
20.67110443,126.6446838,
20.68777084,128.3503876,
20.70443726,128.0358582,
20.72110367,127.836319,
20.73777008,126.4870605,
20.75443649,127.8992004,
20.77110481,125.9300232,
20.78777122,126.7964706,
20.80443764,128.6150208,
20.82110405,127.6650009,
20.83777046,128.2524261,
20.85443687,127.6126785,
20.87110329,126.8554001,
20.8877697,126.2692032,
20.90443802,126.89048,
20.92110443,128.3126221,
20.93777084,126.6244812,
20.95443726,127.6274643,
20.97110367,126.325264,
20.98777008,128.8851624,
21.00443649,128.9354401,
21.02110481,129.8563843,
21.03777122,124.3243256,
21.05443764,127.3398972,
21.07110405,126.5070724,
21.08777046,127.8646851,
21.10443687,128.7314606,
21.12110329,126.4175949,
21.1377697,127.1348572,
21.15443802,128.2907104,
21.17110443,127.1936417,
21.18777084,126.4852905,
21.20443726,127.4164886,
21.22110367,128.4851074,
21.23777008,125.5617294,
21.25443649,127.0764313,
21.27110481,128.7746429,
21.28777122,125.4286194,
21.30443764,125.5831757,
21.32110405,127.2382126,
21.33777046,129.8118134,
21.35443687,127.715332,
21.37110329,128.9051514,
21.3877697,125.5780869,
21.40443802,128.598938,
21.42110443,128.6512299,
21.43777084,127.1487656,
21.45443726,127.2531281,
21.47110367,127.2798309,
21.48777008,127.3838425,
21.50443649,126.4554672,
21.52110481,127.2784042,
21.53777122,127.8319626,
21.55443764,127.8570328,
21.57110405,127.2807236,
21.58777046,127.4576645,
21.60443687,129.2258453,
21.62110329,129.7699585,
21.6377697,127.6282959,
21.65443802,128.0312958,
21.67110443,128.8897858,
21.68777084,126.6985397,
21.70443726,127.4727402,
21.72110367,127.9611893,
21.73777008,127.7443924,
21.75443649,128.9846039,
21.77110481,128.0155334,
21.78777122,127.0693512,
21.80443764,127.6938629,
21.82110405,127.422554,
21.83777046,127.4193649,
21.85443687,126.8988876,
21.87110329,128.9326324,
21.8877697,126.6110687,
21.90443802,126.8532104,
21.92110443,129.9103088,
21.93777084,127.705307,
21.95443726,130.7570038,
21.97110367,128.9704132,
21.98777008,127.5434647,
22.00443649,127.5643997,
22.02110481,125.8184891,
22.03777122,127.4838867,
22.05443764,124.2906494,
22.07110405,127.5046616,
22.08777046,129.4477081,
22.10443687,126.8003616,
22.12110329,127.4214859,
22.1377697,129.6078339,
22.15443802,127.2565689,
22.17110443,126.8647461,
22.18777084,127.9197159,
22.20443726,125.7662506,
22.22110367,128.7443848,
22.23777008,127.3101578,
22.25443649,129.1664124,
22.27110481,127.4832916,
22.28777122,128.4006653,
22.30443764,126.6993561,
22.32110405,126.6757813,
22.33777046,126.5815048,
22.35443687,129.8247528,
22.37110329,128.5982666,
22.3877697,126.5609436,
22.40443802,129.2706146,
22.42110443,128.0863953,
22.43777084,126.6430893,
22.45443726,128.5836182,
22.47110367,126.4765549,
22.48777008,126.6794052,
22.50443649,127.0017014,
22.52110481,127.3215714,
22.53777122,129.702179,
22.55443764,127.2784042,
22.57110405,127.1669998,
22.58777046,128.2328186,
22.60443687,126.4148636,
22.62110329,125.6093826,
22.6377697,127.4837875,
22.65443802,130.9394226,
22.67110443,126.3288574,
22.68777084,128.1557007,
22.70443726,128.7474976,
22.72110367,127.5125122,
22.73777008,130.3996429,
22.75443649,127.1751404,
22.77110481,126.5257874,
22.78777122,127.2469635,
22.80443764,126.2508926,
22.82110405,128.7397614,
22.83777046,127.9035645,
22.85443687,126.3873444,
22.87110329,129.0901947,
22.8877697,125.3676453,
22.90443802,130.1586151,
22.92110443,127.7406082,
22.93777084,127.7987366,
22.95443726,128.2179718,
22.97110367,128.124115,
22.98777008,127.2685089,
23.00443649,128.2421722,
23.02110481,126.7709122,
23.03777122,128.0214539,
23.05443764,126.6985092,
23.07110405,127.661377,
23.08777046,128.4434509,
23.10443687,127.8382416,
23.12110329,127.4316635,
23.1377697,127.7188644,
23.15443802,129.9160309,
23.17110443,128.6433868,
23.18777084,128.3246613,
23.20443726,127.5680847,
23.22110367,125.5968781,
23.23777008,130.1638184,
23.25443649,130.4725342,
23.27110481,126.7199097,
23.28777122,128.6631165,
23.30443764,129.5555267,
23.32110405,127.9149475,
23.33777046,130.7789154,
23.35443687,127.3664551,
23.37110329,127.0583115,
23.3877697,129.1278534,
23.40443802,128.3663025,
23.42110443,128.0970917,
23.43777084,128.3381348,
23.45443726,127.6203079,
23.47110367,128.0263519,
23.48777008,127.9587479,
23.50443649,128.5220032,
23.52110481,127.9324417,
23.53777122,128.9570007,
23.55443764,127.6113358,
23.57110405,127.31147,
23.58777046,128.4186554,
23.60443687,128.5690002,
23.62110329,128.968811,
23.6377697,128.9888916,
23.65443802,124.844368,
23.67110443,128.9871674,
23.68777084,130.0225067,
23.70443726,128.0573578,
23.72110367,127.9423676,
23.73777008,129.3526917,
23.75443649,129.6786346,
23.77110481,128.5080261,
23.78777122,128.7910156,
23.80443764,129.3979492,
23.82110405,127.5249252,
23.83777046,127.8579254,
23.85443687,127.0730057,
23.87110329,128.7287292,
23.8877697,128.718689,
23.90443802,129.9579468,
23.92110443,129.1769409,
23.93777084,126.8507385,
23.95443726,130.1194611,
23.97110367,129.9276428,
23.98777008,128.0089722,
24.00443649,127.5973434,
24.02110481,128.9109497,
24.03777122,128.5569916,
24.05443764,129.0322571,
24.07110405,129.9160614,
24.08777046,129.0353088,
24.10443687,128.9103699,
24.12110329,128.9821472,
24.1377697,127.179306,
24.15443802,129.6206055,
24.17110443,129.7132416,
24.18777084,128.0088348,
24.20443726,126.6528397,
24.22110367,127.4119949,
24.23777008,128.5904846,
24.25443649,127.4966278,
24.27110481,128.2560883,
24.28777122,128.7323761,
24.30443764,130.6104279,
24.32110405,130.9125671,
24.33777046,130.2370453,
24.35443687,128.8998566,
24.37110329,128.5279541,
24.3877697,129.0160065,
24.40443802,129.779129,
24.42110443,128.587738,
24.43777084,129.5184937,
24.45443726,128.270401,
24.47110367,127.495285,
24.48777008,129.3141327,
24.50443649,130.0601349,
24.52110481,126.9994507,
24.53777122,130.2494812,
24.55443764,127.9283447,
24.57110405,127.7398911,
24.58777046,127.8716736,
24.60443687,129.3557281,
24.62110329,127.4857635,
24.6377697,128.8143463,
24.65443802,126.3202591,
24.67110443,130.3732605,
24.68777084,130.5306549,
24.70443726,128.9778137,
24.72110367,129.6621704,
24.73777008,127.0810776,
24.75443649,129.9213257,
24.77110481,129.7788239,
24.78777122,128.7973175,
25.33660507,242.3911133,
25.35327148,250.3499146,
25.3699379,255.2963867,
25.38660431,254.6999512,
25.40327072,259.4759827,
25.41993904,264.89328,
25.43660545,266.5145569,
25.45327187,267.4770508,
25.46993828,268.0469971,
25.48660469,268.7527466,
25.5032711,276.0556946,
25.51993752,277.6828613,
25.53660393,278.7555542,
25.55327225,279.4147644,
25.56993866,277.6273804,
25.58660507,280.2238159,
25.60327148,280.7097473,
25.6199379,283.2001648,
25.63660431,282.2646179,
25.65327072,283.9663696,
25.66993904,285.8788147,
25.68660545,285.7635803,
25.70327187,287.6115417,
25.71993828,285.06073,
25.73660469,287.1655273,
25.7532711,289.0282898,
25.76993752,290.6401978,
25.78660393,286.5438232,
25.80327225,290.3484497,
25.81993866,286.8422241,
25.83660507,291.9281616,
25.85327148,291.6554565,
25.8699379,286.5202942,
25.88660431,289.2530212,
25.90327072,291.4612122,
25.91993904,286.8859863,
25.93660545,292.0325317,
25.95327187,294.0708618,
25.96993828,293.3182373,
25.98660469,291.4837952,
26.0032711,293.6934204,
26.01993752,295.5202637,
26.03660393,289.3950806,
26.05327225,292.815979,
26.06993866,293.4612732,
26.08660507,289.7146301,
26.10327148,296.5978394,
26.1199379,290.7199707,
26.13660431,292.23703,
26.15327072,290.9030762,
26.16993904,294.3964539,
26.18660545,288.8962097,
26.20327187,293.7037354,
26.21993828,293.7463684,
26.23660469,291.7715454,
26.2532711,293.1341553,
26.26993752,293.0635986,
26.28660393,293.7609253,
26.30327225,298,
26.31993866,297.3711548,
26.33660507,291.1574707,
26.35327148,295.8587646,
26.3699379,295.8153992,
26.38660431,292.8985291,
26.40327072,296.8412781,
26.41993904,293.9229126,
26.43660545,295.1337891,
26.45327187,299.4715881,
26.46993828,293.0326233,
26.48660469,294.7058411,
26.5032711,296.7969971,
26.51993752,295.5951538,
26.53660393,294.9892578,
26.55327225,291.2653198,
26.56993866,295.147583,
26.58660507,297.291626,
26.60327148,294.4559631,
26.6199379,294.0315247,
26.63660431,296.2409668,
26.65327072,295.9302063,
26.66993904,298.1429749,
26.68660545,298.1089478,
26.70327187,293.4291382,
26.71993828,296.3298035,
26.73660469,296.8656921,
26.7532711,295.0555115,
26.76993752,293.0125122,
26.78660393,299.5178528,
26.80327225,295.6974182,
26.81993866,295.7904053,
26.83660507,294.1573486,
26.85327148,296.0243835,
26.8699379,299.2169189,
26.88660431,294.9232788,
26.90327072,298.9624023,
26.91993904,296.5725403,
26.93660545,294.7235718,
26.95327187,292.2160645,
26.96993828,298.5176697,
26.98660469,296.8382263,
27.0032711,296.2609558,
27.01993752,300.0711975,
27.03660393,296.8918457,
27.05327225,295.5632324,
27.06993866,296.5884399,
27.08660507,296.7034607,
27.10327148,293.4812012,
27.1199379,295.3039856,
27.13660431,295.1486511,
27.15327072,297.5609131,
27.16993904,294.7721863,
27.18660545,296.5620728,
27.20327187,291.1114807,
27.21993828,293.0361938,
27.23660469,296.5873413,
27.2532711,294.9397583,
27.26993752,297.1760559,
27.28660393,293.549469,
27.30327225,297.598053,
27.31993866,295.3407898,
27.33660507,296.0505066,
27.35327148,295.8164368,
27.3699379,294.9792786,
27.38660431,299.4538269,
27.40327072,292.0330811,
27.41993904,295.5376587,
27.43660545,295.9579468,
27.45327187,293.8474426,
27.46993828,298.3392639,
27.48660469,295.9230957,
27.5032711,297.7322388,
27.51993752,296.1105042,
27.53660393,291.7506714,
27.55327225,294.3468018,
27.56993866,300.0813904,
27.58660507,299.5140381,
27.60327148,294.8614807,
27.6199379,294.197937,
27.63660431,297.8857727,
27.65327072,297.8108521,
27.66993904,295.5875244,
27.68660545,295.4380188,
27.70327187,297.8961792,
27.71993828,294.5976257,
27.73660469,294.2998962,
27.7532711,297.6052551,
27.76993752,297.797821,
27.78660393,298.1260986,
27.80327225,295.7661133,
27.81993866,294.48349,
27.83660507,297.4066162,
27.85327148,296.1621704,
27.8699379,297.7345581,
27.88660431,298.4846191,
27.90327072,301.4168091,
27.91993904,298.2586365,
27.93660545,299.1997681,
27.95327187,293.678833,
27.96993828,299.4687805,
27.98660469,297.5162659,
28.0032711,296.8120422,
28.01993752,301.796875,
28.03660393,294.3645935,
28.05327225,297.7778931,
28.06993866,296.453064,
28.08660507,299.0901794,
28.10327148,299.1090393,
28.1199379,299.9768677,
28.13660431,298.9542847,
28.15327072,295.3496704,
28.16993904,299.0791016,
28.18660545,298.3961792,
28.20327187,297.4682007,
28.21993828,298.512207,
28.23660469,296.1111755,
28.2532711,298.6963196,
28.26993752,301.6368713,
28.28660393,295.4674377,
28.30327225,297.9888611,
28.31993866,300.2689819,
28.33660507,294.3413086,
28.35327148,297.0449219,
28.3699379,294.1822815,
28.38660431,297.5272827,
28.40327072,296.1735229,
28.41993904,298.0413818,
28.43660545,298.5629272,
28.45327187,296.457428,
28.46993828,297.9310913,
28.48660469,297.9006042,
28.5032711,296.2070313,
28.51993752,299.3561707,
28.53660393,296.0082703,
28.55327225,292.2523193,
28.56993866,295.2311707,
28.58660507,295.6450195,
28.60327148,297.3635254,
28.6199379,296.6244812,
28.63660431,296.2273865,
28.65327072,297.8656311,
28.66993904,298.7754517,
28.68660545,300.5986328,
28.70327187,298.5346375,
28.71993828,297.2711792,
28.73660469,299.6572571,
28.7532711,296.8000793,
28.76993752,296.8618164,
28.78660393,302.7866821,
28.80327225,298.8794861,
28.81993866,298.0704346,
28.83660507,295.6596375,
28.85327148,299.3100281,
28.8699379,295.76297,
28.88660431,295.6485596,
28.90327072,296.3757629,
28.91993904,299.8082275,
28.93660545,297.0610657,
28.95327187,291.2279053,
28.96993828,293.9724121,
28.98660469,297.8608398,
29.0032711,293.8287048,
29.01993752,295.5728455,
29.03660393,299.4632568,
29.05327225,298.150116,
29.06993866,296.6410522,
29.08660507,298.2795105,
29.10327148,293.511322,
29.1199379,294.105896,
29.13660431,296.0975952,
29.15327072,296.96521,
29.16993904,300.1545715,
29.18660545,296.4066467,
29.20327187,297.9277039,
29.21993828,299.7720032,
29.23660469,296.616394,
29.2532711,298.6847839,
29.26993752,295.0929871,
29.28660393,296.0222473,
29.30327225,296.2323608,
29.31993866,296.6117859,
29.33660507,294.4630737,
29.35327148,301.3758545,
29.3699379,297.5054626,
29.38660431,294.2024536,
29.40327072,299.3419495,
29.41993904,295.2741699,
29.43660545,301.043396,
29.45327187,300.3293762,
29.46993828,295.2171021,
29.48660469,298.0645142,
29.5032711,295.7276917,
29.51993752,297.2090454,
29.53660393,295.866333,
29.55327225,294.6482239,
29.56993866,295.3861389,
29.58660507,296.6637268,
29.60327148,297.1502991,
29.6199379,298.2744446,
29.63660431,300.2020264,
29.65327072,296.9830627,
29.66993904,296.0864563,
29.68660545,295.734314,
29.70327187,298.9017639,
29.71993828,298.8546448,
29.73660469,295.6190796,
29.7532711,297.9425964,
29.76993752,294.1489868,
29.78660393,297.8509216,
29.80327225,295.8761902,
29.81993866,297.3701477,
29.83660507,295.309967,
29.85327148,295.8347778,
29.8699379,295.7328491,
29.88660431,293.7226868,
29.90327072,294.0908508,
29.91993904,297.3690796,
29.93660545,297.6993408,
29.95327187,299.3467102,
29.96993828,299.8098755,
29.98660469,296.9434204,
30.0032711,294.811676,
30.01993752,296.730957,
30.03660393,298.9734802,
30.05327225,297.5614319,
30.06993866,295.9404907,
30.08660507,298.0309448,
30.10327148,295.1435547,
30.1199379,298.0338135,
30.13660431,295.4198608,
30.15327072,295.9074097,
30.16993904,295.7844543,
30.18660545,298.3748169,
30.20327187,296.9632263,
30.21993828,301.7486877,
30.23660469,299.3395691,
30.2532711,298.5458984,
30.26993752,295.0926514,
30.28660393,297.1661377,
30.30327225,298.2885742,
30.31993866,297.2474976,
30.33660507,298.2531128,
30.35327148,295.6676025,
30.3699379,294.8587036,
30.38660431,299.3539429,
30.40327072,295.1878662,
30.41993904,300.8435059,
30.43660545,293.0383911,
30.45327187,294.9641724,
30.46993828,295.8278809,
30.48660469,297.4910889,
30.5032711,297.8901672,
30.51993752,296.508728,
30.53660393,294.5524902,
30.55327225,294.9918213,
30.56993866,299.0422668,
30.58660507,299.3421631,
30.60327148,296.9678345,
30.6199379,293.6383667,
30.63660431,300.3668213,
30.65327072,295.3539124,
30.66993904,294.8665771,
30.68660545,299.1963196,
30.70327187,300.3738403,
30.71993828,294.760376,
30.73660469,299.2277832,
30.7532711,296.8858643,
30.76993752,296.7072144,
30.78660393,298.8859253,
30.80327225,291.5745239,
30.81993866,296.2775574,
30.83660507,295.9176636,
30.85327148,299.2274475,
30.8699379,299.0999756,
30.88660431,296.4350281,
30.90327072,297.9328918,
30.91993904,297.7852783,
30.93660545,296.7146606,
30.95327187,299.1074524,
30.96993828,294.5856323,
30.98660469,295.168335,
31.0032711,293.8132629,
31.01993752,295.5611877,
31.03660393,297.5122375,
31.05327225,295.390564,
31.06993866,299.7268372,
31.08660507,299.8551941,
31.10327148,297.1120911,
31.1199379,294.7982788,
31.13660431,298.1160278,
31.15327072,295.6716614,
31.16993904,297.8156128,
31.18660545,295.7183533,
31.20327187,298.6323853,
31.21993828,297.317749,
31.23660469,296.0792236,
31.2532711,300.1990967,
31.26993752,300.0117798,
31.28660393,296.4205627,
31.30327225,298.4494934,
31.31993866,298.4675903,
31.33660507,298.3860474,
31.35327148,294.481781,
31.3699379,300.3605652,
31.38660431,295.4089966,
31.40327072,297.4745178,
31.41993904,296.4890442,
31.43660545,298.7825623,
31.45327187,295.0686951,
31.46993828,298.8847961,
31.48660469,299.3349609,
31.5032711,300.8852844,
31.51993752,296.2830811,
31.53660393,297.2222595,
31.55327225,298.5822144,
31.56993866,295.2169495,
31.58660507,297.2156067,
31.60327148,298.9980164,
31.6199379,298.5530701,
31.63660431,297.6029663,
31.65327072,295.6994324,
31.66993904,294.7788086,
31.68660545,295.7575073,
31.70327187,300.3266602,
31.71993828,294.5054321,
31.73660469,299.8349609,
31.7532711,301.528656,
31.76993752,302.1808167,
31.78660393,296.3472595,
31.80327225,300.9750671,
31.81993866,297.5448914,
31.83660507,300.2150269,
31.85327148,300.2254944,
31.8699379,296.6829224,
31.88660431,298.835968,
31.90327072,296.2974854,
31.91993904,299.7975769,
31.93660545,295.8140259,
31.95327187,300.2955627,
31.96993828,296.7098389,
31.98660469,296.7905579,
32.00327301,296.8983459,
32.01993942,296.4124451,
32.03660583,297.1585083,
32.05327225,297.8835144,
32.06993866,298.1164856,
32.08660507,298.9745178,
32.10327148,300.2300415,
32.1199379,296.5357971,
32.13660431,302.0455322,
32.15327072,295.8572998,
32.16993713,299.1503296,
32.18660355,296.0793152,
32.20326996,298.7278137,
32.21993637,296.756958,
32.2366066,301.4738464,
32.25327301,301.157959,
32.26993942,297.7833252,
32.28660583,301.3582458,
32.30327225,303.302887,
32.31993866,298.4810486,
32.33660507,298.3335876,
32.35327148,296.0326538,
32.3699379,297.8858948,
32.38660431,298.119873,
32.40327072,295.7036743,
32.41993713,299.2388611,
32.43660355,299.9626465,
32.45326996,292.5343018,
32.46993637,300.7054749,
32.4866066,298.567749,
32.50327301,301.0101929,
32.51993942,296.4866638,
32.53660583,294.6023865,
32.55327225,296.6152954,
32.56993866,299.9827271,
32.58660507,302.5279541,
32.60327148,297.7494507,
32.6199379,295.498291,
32.63660431,298.1756287,
32.65327072,299.151886,
32.66993713,298.9878845,
32.68660355,298.4382935,
32.70326996,297.6388855,
32.71993637,299.3299866,
32.7366066,298.0027771,
32.75327301,299.861908,
32.76993942,295.2345276,
32.78660583,296.9634705,
32.80327225,298.946167,
32.81993866,299.127655,
32.83660507,297.4660645,
32.85327148,295.4053345,
32.8699379,301.7113037,
32.88660431,302.0559998,
32.90327072,300.9647217,
32.91993713,301.8233643,
32.93660355,297.6372375,
32.95326996,294.6876526,
32.96993637,297.7701416,
32.9866066,294.5414429,
33.00327301,297.9953918,
33.01993942,297.9139709,
33.03660583,296.8376465,
33.05327225,303.5147705,
33.06993866,295.6862183,
33.08660507,297.1092224,
33.10327148,301.3269348,
33.1199379,294.8395996,
33.13660431,298.6128845,
33.15327072,295.6737976,
33.16993713,299.0069885,
33.18660355,297.1598511,
33.20326996,297.0617981,
33.21993637,296.9943848,
33.2366066,300.3395996,
33.25327301,299.4930725,
33.26993942,298.3518982,
33.28660583,298.0018311,
33.30327225,297.7599792,
33.31993866,300.5968018,
33.33660507,297.0546875,
33.35327148,297.5773315,
33.3699379,296.3695374,
33.38660431,301.1876526,
33.40327072,299.750946,
33.41993713,299.2193298,
33.43660355,296.7827759,
33.45326996,298.4818115,
33.46993637,294.2242432,
33.4866066,301.8226929,
33.50327301,295.138916,
33.51993942,303.0430298,
33.53660583,298.622467,
33.55327225,294.9732361,
33.56993866,299.2518921,
33.58660507,298.7891846,
33.60327148,297.079895,
33.6199379,297.7686462,
33.63660431,302.3991394,
33.65327072,299.0407104,
33.66993713,299.8954773,
33.68660355,299.6741943,
33.70326996,298.495697,
33.71993637,298.0846558,
33.7366066,300.5578003,
33.75327301,302.3502808,
33.76993942,299.35495,
33.78660583,295.4203796,
33.80327225,299.6955872,
33.81993866,300.4713745,
33.83660507,299.8935547,
33.85327148,296.2052307,
33.8699379,299.3832092,
33.88660431,303.487915,
33.90327072,300.8572693,
33.91993713,299.4541321,
33.93660355,300.0722351,
33.95326996,298.4241333,
33.96993637,295.3012695,
33.9866066,297.1025696,
34.00327301,296.1324768,
34.01993942,300.9338989,
34.03660583,299.2735596,
34.05327225,300.6265869,
34.06993866,298.2821045,
34.08660507,299.7516174,
34.10327148,299.2801819,
34.1199379,297.467804,
34.13660431,300.4840088,
34.15327072,299.9169617,
34.16993713,296.6024475,
34.18660355,297.1047974,
34.20326996,298.349823,
34.21993637,303.3651428,
34.2366066,299.1456604,
34.25327301,299.9173889,
34.26993942,299.3895874,
34.28660583,300.9839783,
34.30327225,300.1917419,
34.31993866,296.7734375,
34.33660507,300.8642578,
34.35327148,298.9890442,
34.3699379,294.9593811,
34.38660431,300.0220642,
34.40327072,302.9519043,
34.41993713,296.8430176,
34.43660355,299.2129211,
34.45326996,296.5951538,
34.46993637,300.3634033,
34.4866066,298.9675598,
34.50327301,299.9546814,
34.51993942,299.5449524,
34.53660583,302.7722168,
34.55327225,303.0621033,
34.56993866,297.225647,
34.58660507,299.8814697,
34.60327148,298.1986389,
34.6199379,297.6560974,
34.63660431,299.6006165,
34.65327072,297.936615,
34.66993713,301.326355,
34.68660355,295.9794922,
34.70326996,296.841217,
34.71993637,299.7119751,
34.7366066,300.5593262,
34.75327301,298.7447815,
34.76993942,303.0918884,
34.78660583,297.0288086,
34.80327225,301.8995667,
34.81993866,300.647522,
34.83660507,298.6687012,
34.85327148,299.1412354,
34.8699379,302.6986084,
34.88660431,299.389679,
34.90327072,301.5757446,
34.91993713,303.0911255,
34.93660355,298.5670166,
34.95326996,302.7600098,
34.96993637,297.6343384,
34.9866066,302.1034241,
35.00327301,297.5015564,
35.01993942,298.2769775,
35.03660583,301.8397827,
35.05327225,300.7749939,
35.06993866,300.71521,
35.08660507,298.0177002,
35.10327148,299.2199097,
35.1199379,303.4232178,
35.13660431,298.5324707,
35.15327072,300.7332153,
35.16993713,299.5308228,
35.18660355,300.0348206,
35.20326996,301.472168,
35.21993637,298.6073914,
35.2366066,300.0695801,
35.25327301,300.1868591,
35.26993942,298.4057617,
35.28660583,300.7847595,
35.30327225,301.513031,
35.31993866,297.9785461,
35.33660507,298.8404541,
35.35327148,301.9628906,
35.3699379,299.56427,
35.38660431,297.0782776,
35.40327072,301.7008667,
35.41993713,303.5177307,
35.43660355,299.7949219,
35.45326996,302.2330017,
35.46993637,296.9749451,
35.4866066,301.6891174,
35.50327301,298.1507263,
35.51993942,296.0109253,
35.53660583,302.4223633,
35.55327225,298.3686218,
35.56993866,300.8373108,
35.58660507,299.4822083,
35.60327148,301.5980225,
35.6199379,300.2200928,
35.63660431,300.664856,
35.65327072,298.231842,
35.66993713,301.3117981,
35.68660355,300.7428284,
35.70326996,302.1051636,
35.71993637,303.6045227,
35.7366066,300.6101379,
35.75327301,299.2774353,
35.76993942,301.453064,
35.78660583,298.0880127,
35.80327225,301.150116,
35.81993866,298.2857056,
35.83660507,300.9195862,
35.85327148,297.8220825,
35.8699379,298.0851135,
35.88660431,305.2962646,
35.90327072,295.2575073,
35.91993713,301.7584839,
35.93660355,298.7176819,
35.95326996,298.6832581,
35.96993637,297.3969116,
35.9866066,300.1903381,
36.00327301,302.1911316,
36.01993942,298.5976868,
36.03660583,300.8692322,
36.05327225,301.0597534,
36.06993866,298.912262,
36.08660507,300.6714783,
36.10327148,300.8138733,
36.1199379,301.0799561,
36.13660431,298.7507019,
36.15327072,298.8802185,
36.16993713,300.596283,
36.18660355,301.8776855,
36.20326996,304.5536804,
36.21993637,301.2165527,
36.2366066,302.1377869,
36.25327301,302.8497009,
36.26993942,301.8840332,
36.28660583,301.7840576,
36.30327225,297.7765503,
36.31993866,299.949646,
36.33660507,298.6575317,
36.35327148,297.8240051,
36.3699379,302.2373657,
36.38660431,301.1595459,
36.40327072,297.0327454,
36.41993713,300.2756348,
36.43660355,300.9969177,
36.45326996,301.6169128,
36.46993637,299.20047,
36.4866066,298.4955139,
36.50327301,303.6723328,
36.51993942,299.291748,
36.53660583,300.662323,
36.55327225,298.6010132,
36.56993866,299.7604065,
36.58660507,299.7421265,
36.60327148,298.9450989,
36.6199379,302.3893433,
36.63660431,299.9906006,
36.65327072,304.1986084,
36.66993713,303.3014526,
36.68660355,301.0863953,
36.70326996,301.4801331,
36.71993637,301.1721191,
36.7366066,301.2501831,
36.75327301,298.1535034,
36.76993942,298.1169434,
36.78660583,303.2878723,
36.80327225,303.0256042,
36.81993866,302.2590027,
36.83660507,300.4521179,
36.85327148,298.4579468,
36.8699379,296.8951721,
36.88660431,304.1116638,
36.90327072,301.4315491,
36.91993713,302.3640442,
36.93660355,299.8731689,
36.95326996,302.5526733,
36.96993637,299.2419434,
36.9866066,303.3702087,
37.00327301,300.8100281,
37.01993942,301.9201965,
37.03660583,300.8717651,
37.05327225,301.2068481,
37.06993866,305.0175476,
37.08660507,302.631897,
37.10327148,302.1079712,
37.1199379,302.224823,
37.13660431,303.1060181,
37.15327072,299.8540955,
37.16993713,302.0492554,
37.18660355,299.6445618,
37.20326996,302.413269,
37.21993637,299.8331299,
37.2366066,304.1154175,
37.25327301,300.8518677,
37.26993942,301.6763306,
37.28660583,300.0259094,
37.30327225,301.6252441,
37.31993866,300.9171143,
37.33660507,301.7826843,
37.35327148,299.9186401,
37.3699379,297.9593811,
37.38660431,301.2578735,
37.40327072,300.3505859,
37.41993713,298.7611694,
37.43660355,303.0967712,
37.45326996,303.1272888,
37.46993637,298.8391113,
37.4866066,303.3168945,
37.50327301,301.0154724,
37.51993942,302.1174316,
37.53660583,302.5415649,
37.55327225,299.2790833,
37.56993866,300.6642761,
37.58660507,302.7216492,
37.60327148,301.3068237,
37.6199379,300.1746826,
37.63660431,298.9015198,
37.65327072,297.032135,
37.66993713,302.9854431,
37.68660355,304.9292908,
37.70326996,301.9969482,
37.71993637,300.898407,
37.7366066,302.2882385,
37.75327301,303.0386658,
37.76993942,302.0256348,
37.78660583,300.8948059,
37.80327225,299.8708496,
37.81993866,304.5120544,
37.83660507,301.0575562,
37.85327148,301.1687012,
37.8699379,302.7348328,
37.88660431,300.1642151,
37.90327072,302.1682129,
37.91993713,301.5324097,
37.93660355,300.5820923,
37.95326996,303.242981,
37.96993637,299.9514465,
37.9866066,300.9692993,
38.00327301,300.2362061,
38.01993942,303.2990723,
38.03660583,301.6921997,
38.05327225,300.4742432,
38.06993866,300.7601929,
38.08660507,303.0227661,
38.10327148,299.5606689,
38.1199379,301.3840332,
38.13660431,302.350769,
38.15327072,302.2475891,
38.16993713,296.6946716,
38.18660355,302.4082947,
38.20326996,299.443634,
38.21993637,301.858429,
38.2366066,303.2761536,
38.25327301,301.6037598,
38.26993942,299.786499,
38.28660583,300.2052917,
38.30327225,301.6930542,
38.31993866,302.2214355,
38.33660507,301.8403625,
38.35327148,299.7124023,
38.3699379,298.4103394,
38.38660431,300.9217529,
38.40327072,299.0113831,
38.41993713,301.8347168,
38.43660355,302.4664307,
38.45326996,303.3442993,
38.46993637,303.8573914,
38.4866066,299.9929199,
38.50327301,300.8480225,
38.51993942,304.7241516,
38.53660583,302.1203613,
38.55327225,299.901062,
38.56993866,302.561554,
38.58660507,300.9249268,
38.60327148,303.0108032,
38.6199379,300.8016052,
38.63660431,302.0117493,
38.65327072,303.1463318,
38.66993713,301.2885742,
38.68660355,304.2217102,
38.70326996,298.0157471,
38.71993637,301.1528625,
38.7366066,298.979187,
38.75327301,302.4734497,
38.76993942,303.193512,
38.78660583,298.3295593,
38.80327225,300.6032715,
38.81993866,302.3536987,
38.83660507,301.1959534,
38.85327148,303.1965942,
38.8699379,303.9936829,
38.88660431,300.3077087,
38.90327072,300.2284546,
38.91993713,301.4578857,
38.93660355,303.650177,
38.95326996,300.1431274,
38.96993637,299.8956909,
38.9866066,299.0925598,
39.00327301,306.1465454,
39.01993942,301.9829102,
39.03660583,303.4150391,
39.05327225,302.4335022,
39.06993866,301.6537476,
39.08660507,305.083313,
39.10327148,301.2569885,
39.1199379,300.7973633,
39.13660431,302.0783386,
39.15327072,304.1275024,
39.16993713,299.7612915,
39.18660355,298.9963379,
39.20326996,300.3942261,
39.21993637,306.0881348,
39.2366066,304.223175,
39.25327301,303.1633301,
39.26993942,305.473999,
39.28660583,304.7806091,
39.30327225,301.9805603,
39.31993866,303.7120361,
39.33660507,299.946167,
39.35327148,302.0747681,
39.3699379,301.4683838,
39.38660431,304.0129089,
39.40327072,301.8130188,
39.41993713,301.6602478,
39.43660355,303.5832214,
39.45326996,301.9198914,
39.46993637,304.0136108,
39.4866066,300.6020813,
39.50327301,298.8564148,
39.51993942,299.0559998,
39.53660583,297.8443604,
39.55327225,299.7310486,
39.56993866,300.7980347,
39.58660507,303.7338867,
39.60327148,299.4002075,
39.6199379,301.0693359,
39.63660431,303.7838135,
39.65327072,302.1694336,
39.66993713,300.5688171,
39.68660355,298.4176331,
39.70326996,301.0982056,
39.71993637,299.7523499,
39.7366066,304.1957092,
39.75327301,300.1945496,
39.76993942,302.2654724,
39.78660583,304.9607239,
39.80327225,298.5583801,
39.81993866,303.8430176,
39.83660507,302.9551392,
39.85327148,302.5747986,
39.8699379,305.848999,
39.88660431,302.4282837,

25C-L7R0,
25C-L7R0
Collection Time: 8/9/2016 4:03:37 PM
Operator Name  :
Kinetics Software Version: 1.1(133)
Parameter List :
Report Time: Tue 09 Aug 04:03:37 PM 2016
Batch: C:\Varian\Cary Eclipse WinFLR\DATA\Sudhanshu G\Memoids-9\Aug 2016 Single Hairpin Opening\Aug9-RC10nM-H9-10nM-L7R0-Signal.FBKN
Software version: 1.1(133)
Operator:
Instrument Parameters
Instrument                        Cary Eclipse
Instrument Serial Number          EL04103867
Data mode                         Fluorescence
Ex. wavelength (nm)               524.00
Em. wavelength (nm)               541.00
Ex. Slit (nm)                     10
Em. Slit (nm)                     5
Averaging Time (s)                1.0000
Cycle time(min)                   0.0000
Stop time(min)                    1440.0000
Emission filter                   Open
Excitation Filter                 Auto
PMT voltage (V)                   High
Multicell holder                  Multicell
Temperature control
Device                           Temperature controller
Set temperature (C)             25.00
Monitor                          Block
Comments:
Method Log     :
Method Name    : C:\Varian\Cary Eclipse WinFLR\DATA\Sudhanshu G\Memoids-9\Aug 2016 Single Hairpin Opening\Aug9-RC10nM-H9-10nM-L7R0-Signal.FBKN
Date/Time stamp: 8/9/2016 4:03:24 PM
Method Modifications:
PMT Volts Changed: 11/20/2013 5:25:13 PM, Old:600, New:800
Emission PMT (V): Changed: 11/20/2013 5:25:14 PM, Old: 600, New: 800
Cell Changer Changed: 11/20/2013 5:33:14 PM, Old:OFF, New:ON
Cell1 Changed: 11/20/2013 5:33:14 PM, Old:OFF, New:ON
Cell2 Changed: 11/20/2013 5:33:14 PM, Old:OFF, New:ON
Monitoring device: Changed: 11/20/2013 5:33:14 PM, Old:PCB 150, New:Block
Excitation Wavelength Changed: 11/20/2013 5:33:14 PM, Old: 400.00, New: 303.00
Emission Wavelength Changed: 11/20/2013 5:33:14 PM, Old: 600.00, New: 371.00
Ex. Slit Width (nm): Changed: 11/20/2013 5:33:14 PM, Old:5, New:10
Em. Slit Width (nm): Changed: 11/20/2013 5:33:14 PM, Old:5, New:10
Ave. time (s): Changed: 11/20/2013 5:33:14 PM, Old:0.10000, New:1.00000
Cell2 Changed: 11/20/2013 5:46:01 PM, Old:ON, New:OFF
Zero Mode Changed: 11/20/2013 5:49:03 PM, Old:OFF, New:Reading
Zero Mode Changed: 11/20/2013 5:49:05 PM, Old:Reading, New:ON
Sample1 Changed: 11/20/2013 5:49:23 PM, Old:Sample1, New:Blank
Stop Time 1 Changed: 11/20/2013 6:03:21 PM, Old: 1.0000, New:100.0000
Sample1 Changed: 11/20/2013 9:19:49 PM, Old:Blank, New:1x TAE
Ave. time (s): Changed: 11/21/2013 12:00:35 PM, Old:1.00000, New:0.10000
Excitation Wavelength Changed: 11/22/2013 11:48:08 AM, Old: 303.00, New: 240.00
Ex. Slit Width (nm): Changed: 11/22/2013 11:48:08 AM, Old:10, New:20
Em. Slit Width (nm): Changed: 11/22/2013 11:48:08 AM, Old:10, New:20
Ave. time (s): Changed: 11/22/2013 11:48:08 AM, Old:0.10000, New:1.00000
Sample1 Changed: 11/22/2013 11:48:33 AM, Old:1x TAE, New:500 nM B3-Amino
Auto Temp Setting Changed: 2/25/2014 7:32:10 PM, Old:OFF, New:ON
Block Temp Changed: 2/25/2014 7:32:10 PM, Old:  20.00, New:  22.00
Block (C): Changed: 2/25/2014 7:32:10 PM, Old:OFF, New:ON
Excitation Wavelength Changed: 2/25/2014 7:32:10 PM, Old: 240.00, New: 524.00
Emission Wavelength Changed: 2/25/2014 7:32:10 PM, Old: 371.00, New: 541.00
Ex. Slit Width (nm): Changed: 2/25/2014 7:32:10 PM, Old:20, New:5
Em. Slit Width (nm): Changed: 2/25/2014 7:32:10 PM, Old:20, New:5
X mode Changed: 2/25/2014 7:32:10 PM, Old:min, New:sec
Stop Time 1 Changed: 2/25/2014 7:32:10 PM, Old:100.0000, New:30000.0000
Sample1 Changed: 2/25/2014 7:33:01 PM, Old:500 nM B3-Amino, New:100nM TET-FQ; Slit:5-5; Voltage: 800V
Cell2 Changed: 2/28/2014 11:07:39 AM, Old:OFF, New:ON
Cell3 Changed: 2/28/2014 11:07:39 AM, Old:OFF, New:ON
Autoconvert Changed: 2/28/2014 11:07:40 AM, Old:None, New:Ascii with Log
Em. Slit Width (nm): Changed: 2/28/2014 11:07:40 AM, Old:5, New:2.5
X mode Changed: 2/28/2014 11:07:40 AM, Old:sec, New:min
Stop Time 1 Changed: 2/28/2014 11:07:40 AM, Old:30000.0000, New:1440.0000
Cell1 Changed: 4/15/2014 11:40:31 AM, Old:ON, New:OFF
Cell2 Changed: 4/15/2014 11:40:31 AM, Old:ON, New:OFF
Block Temp Changed: 4/15/2014 11:40:31 AM, Old:  22.00, New:  25.00
Cell1 Changed: 4/24/2014 11:49:58 AM, Old:OFF, New:ON
Cell2 Changed: 4/24/2014 11:49:58 AM, Old:OFF, New:ON
Current Method Changed: 10/12/2015 1:11:16 AM, Old:C:\Varian\Cary Eclipse WinFLR\DATA\Sudhanshu G\Memoids-8\TET-FQ-25C-200nM.FMKN, New:C:\Varian\Cary Eclipse WinFLR\DATA\Sudhanshu G\Memoids-8\M8-Set1-Apr18\TET-FQ-25C-200nM.FMKN
Cell1 Changed: 10/12/2015 1:12:45 AM, Old:ON, New:OFF
Cell2 Changed: 10/12/2015 1:12:45 AM, Old:ON, New:OFF
Ex. Slit Width (nm): Changed: 10/12/2015 1:13:05 AM, Old:5, New:10
Em. Slit Width (nm): Changed: 10/12/2015 1:13:05 AM, Old:2.5, New:5
Sample3 Changed: 10/13/2015 12:32:51 PM, Old:Sample3, New:RC-B2-B2a-30nM
Sample3 Changed: 10/13/2015 1:11:18 PM, Old:RC-B2-B2a-30nM, New:RC-B2below-30nM
Sample3 Changed: 10/13/2015 1:52:21 PM, Old:RC-B2below-30nM, New:RC4-Anneal-Checks
Sample3 Changed: 10/14/2015 12:22:37 AM, Old:RC4-Anneal-Checks, New:RC4-Find-Culprit
Cell1 Changed: 10/14/2015 12:36:07 AM, Old:OFF, New:ON
Sample1 Changed: 10/14/2015 12:36:38 AM, Old:100nM TET-FQ; Slit:5-5; Voltage: 800V, New:Find-The-Culprit
Sample3 Changed: 10/14/2015 12:36:38 AM, Old:RC4-Find-Culprit, New:RC4-Increasing
Cell3 Changed: 10/14/2015 12:57:28 AM, Old:ON, New:OFF
Cell1 Changed: 10/14/2015 1:02:19 AM, Old:ON, New:OFF
Cell3 Changed: 10/14/2015 1:02:19 AM, Old:OFF, New:ON
Sample3 Changed: 10/14/2015 1:02:46 AM, Old:RC4-Increasing, New:RC5-A1-For-B1
Cell1 Changed: 10/14/2015 1:21:09 AM, Old:OFF, New:ON
Cell3 Changed: 10/14/2015 1:21:09 AM, Old:ON, New:OFF
Sample1 Changed: 10/14/2015 1:21:34 AM, Old:Find-The-Culprit, New:B3-And-A1
Cell3 Changed: 10/14/2015 1:31:02 AM, Old:OFF, New:ON
Cell1 Changed: 10/14/2015 7:19:23 PM, Old:ON, New:OFF
Sample3 Changed: 10/14/2015 7:19:47 PM, Old:RC5-A1-For-B1, New:RC-a-2100pmol-T1
Sample3 Changed: 10/14/2015 7:52:14 PM, Old:RC-a-2100pmol-T1, New:RC-a-2100pmol-pt3x-init-T2
Sample3 Changed: 10/14/2015 8:24:13 PM, Old:RC-a-2100pmol-pt3x-init-T2, New:RC-a-2100pmol-pt3x-init-T2-37C
Block Temp Changed: 10/14/2015 8:24:23 PM, Old:  25.00, New:  37.00
Sample3 Changed: 10/15/2015 12:14:00 PM, Old:RC-a-2100pmol-pt3x-init-T2-37C, New:37C-RCa-30nM
Sample3 Changed: 10/16/2015 5:31:36 PM, Old:37C-RCa-30nM, New:37C-RCa-30nM-TA_F2
Sample3 Changed: 10/19/2015 4:13:28 PM, Old:37C-RCa-30nM-TA_F2, New:37C-RCa-30nM-TA_F1_F2
Sample3 Changed: 10/19/2015 7:16:44 PM, Old:37C-RCa-30nM-TA_F1_F2, New:37C-RCa-30nM-TA_F1_F2-SysA
Sample3 Changed: 10/20/2015 10:05:35 AM, Old:37C-RCa-30nM-TA_F1_F2-SysA, New:37C-RCa-30nM-SysA-TA_F1-1isto2
Sample3 Changed: 10/21/2015 11:25:10 AM, Old:37C-RCa-30nM-SysA-TA_F1-1isto2, New:37C-RC-b-Reason-For-SysA-Leak
Sample3 Changed: 10/21/2015 10:07:21 PM, Old:37C-RC-b-Reason-For-SysA-Leak, New:37C-TA-SysB-Leak-Check
Sample3 Changed: 10/22/2015 9:31:10 PM, Old:37C-TA-SysB-Leak-Check, New:37C-SysB-Leak
Block Temp Changed: 8/8/2016 12:47:19 PM, Old:  37.00, New:  25.00
Sample3 Changed: 8/8/2016 12:56:25 PM, Old:37C-SysB-Leak, New:25C-RC-Test-10nM
Sample3 Changed: 8/8/2016 1:13:42 PM, Old:25C-RC-Test-10nM, New:25C-L8R0
Sample3 Changed: 8/8/2016 2:55:10 PM, Old:25C-L8R0, New:25C-L8R0-RC-withoutH9
Sample3 Changed: 8/8/2016 3:55:10 PM, Old:25C-L8R0-RC-withoutH9, New:25C-L8R0
Sample3 Changed: 8/8/2016 4:23:29 PM, Old:25C-L8R0, New:25C-L7R1
Sample3 Changed: 8/9/2016 1:41:10 PM, Old:25C-L7R1, New:25C-L6R2
Sample3 Changed: 8/9/2016 2:32:15 PM, Old:25C-L6R2, New:25C-L5R3
Sample3 Changed: 8/9/2016 4:03:37 PM, Old:25C-L5R3, New:25C-L7R0
End Method Modifications

